"Notes","Residence County","Residence County Code","MMWR Week","MMWR Week Code",Deaths,Population,Crude Rate
"Total","Aurora County, SD","46003",,,220,Not Applicable,Not Applicable
,"Beadle County, SD","46005","2020 Week 41 ending October 10, 2020","2020/41",10,Not Applicable,Not Applicable
,"Beadle County, SD","46005","2020 Week 46 ending November 14, 2020","2020/46",14,Not Applicable,Not Applicable
"Total","Beadle County, SD","46005",,,960,Not Applicable,Not Applicable
"Total","Bennett County, SD","46007",,,216,Not Applicable,Not Applicable
,"Bon Homme County, SD","46009","2020 Week 45 ending November 07, 2020","2020/45",12,Not Applicable,Not Applicable
"Total","Bon Homme County, SD","46009",,,507,Not Applicable,Not Applicable
,"Brookings County, SD","46011","2020 Week 46 ending November 14, 2020","2020/46",12,Not Applicable,Not Applicable
,"Brookings County, SD","46011","2022 Week 05 ending February 05, 2022 (provisional)","2022/05",11,Not Applicable,Not Applicable
,"Brookings County, SD","46011","2022 Week 06 ending February 12, 2022 (provisional)","2022/06",12,Not Applicable,Not Applicable
"Total","Brookings County, SD","46011",,,1194,Not Applicable,Not Applicable
,"Brown County, SD","46013","2018 Week 04 ending January 27, 2018","2018/04",11,Not Applicable,Not Applicable
,"Brown County, SD","46013","2018 Week 05 ending February 03, 2018","2018/05",11,Not Applicable,Not Applicable
,"Brown County, SD","46013","2018 Week 07 ending February 17, 2018","2018/07",11,Not Applicable,Not Applicable
,"Brown County, SD","46013","2018 Week 08 ending February 24, 2018","2018/08",10,Not Applicable,Not Applicable
,"Brown County, SD","46013","2018 Week 09 ending March 03, 2018","2018/09",14,Not Applicable,Not Applicable
,"Brown County, SD","46013","2018 Week 14 ending April 07, 2018","2018/14",14,Not Applicable,Not Applicable
,"Brown County, SD","46013","2018 Week 28 ending July 14, 2018","2018/28",10,Not Applicable,Not Applicable
,"Brown County, SD","46013","2018 Week 37 ending September 15, 2018","2018/37",10,Not Applicable,Not Applicable
,"Brown County, SD","46013","2018 Week 43 ending October 27, 2018","2018/43",12,Not Applicable,Not Applicable
,"Brown County, SD","46013","2018 Week 49 ending December 08, 2018","2018/49",11,Not Applicable,Not Applicable
,"Brown County, SD","46013","2019 Week 01 ending January 05, 2019","2019/01",11,Not Applicable,Not Applicable
,"Brown County, SD","46013","2019 Week 20 ending May 18, 2019","2019/20",10,Not Applicable,Not Applicable
,"Brown County, SD","46013","2019 Week 38 ending September 21, 2019","2019/38",10,Not Applicable,Not Applicable
,"Brown County, SD","46013","2019 Week 45 ending November 09, 2019","2019/45",12,Not Applicable,Not Applicable
,"Brown County, SD","46013","2020 Week 01 ending January 04, 2020","2020/01",12,Not Applicable,Not Applicable
,"Brown County, SD","46013","2020 Week 03 ending January 18, 2020","2020/03",11,Not Applicable,Not Applicable
,"Brown County, SD","46013","2020 Week 04 ending January 25, 2020","2020/04",11,Not Applicable,Not Applicable
,"Brown County, SD","46013","2020 Week 06 ending February 08, 2020","2020/06",10,Not Applicable,Not Applicable
,"Brown County, SD","46013","2020 Week 11 ending March 14, 2020","2020/11",16,Not Applicable,Not Applicable
,"Brown County, SD","46013","2020 Week 12 ending March 21, 2020","2020/12",10,Not Applicable,Not Applicable
,"Brown County, SD","46013","2020 Week 13 ending March 28, 2020","2020/13",10,Not Applicable,Not Applicable
,"Brown County, SD","46013","2020 Week 24 ending June 13, 2020","2020/24",10,Not Applicable,Not Applicable
,"Brown County, SD","46013","2020 Week 32 ending August 08, 2020","2020/32",10,Not Applicable,Not Applicable
,"Brown County, SD","46013","2020 Week 35 ending August 29, 2020","2020/35",11,Not Applicable,Not Applicable
,"Brown County, SD","46013","2020 Week 40 ending October 03, 2020","2020/40",10,Not Applicable,Not Applicable
,"Brown County, SD","46013","2020 Week 44 ending October 31, 2020","2020/44",10,Not Applicable,Not Applicable
,"Brown County, SD","46013","2020 Week 45 ending November 07, 2020","2020/45",13,Not Applicable,Not Applicable
,"Brown County, SD","46013","2020 Week 46 ending November 14, 2020","2020/46",19,Not Applicable,Not Applicable
,"Brown County, SD","46013","2020 Week 47 ending November 21, 2020","2020/47",13,Not Applicable,Not Applicable
,"Brown County, SD","46013","2020 Week 48 ending November 28, 2020","2020/48",13,Not Applicable,Not Applicable
,"Brown County, SD","46013","2020 Week 49 ending December 05, 2020","2020/49",17,Not Applicable,Not Applicable
,"Brown County, SD","46013","2020 Week 50 ending December 12, 2020","2020/50",22,Not Applicable,Not Applicable
,"Brown County, SD","46013","2020 Week 51 ending December 19, 2020","2020/51",18,Not Applicable,Not Applicable
,"Brown County, SD","46013","2020 Week 52 ending December 26, 2020","2020/52",11,Not Applicable,Not Applicable
,"Brown County, SD","46013","2021 Week 01 ending January 09, 2021","2021/01",15,Not Applicable,Not Applicable
,"Brown County, SD","46013","2021 Week 04 ending January 30, 2021","2021/04",10,Not Applicable,Not Applicable
,"Brown County, SD","46013","2021 Week 05 ending February 06, 2021","2021/05",13,Not Applicable,Not Applicable
,"Brown County, SD","46013","2021 Week 18 ending May 08, 2021","2021/18",10,Not Applicable,Not Applicable
,"Brown County, SD","46013","2021 Week 27 ending July 10, 2021","2021/27",11,Not Applicable,Not Applicable
,"Brown County, SD","46013","2021 Week 46 ending November 20, 2021","2021/46",12,Not Applicable,Not Applicable
,"Brown County, SD","46013","2021 Week 47 ending November 27, 2021","2021/47",13,Not Applicable,Not Applicable
,"Brown County, SD","46013","2021 Week 49 ending December 11, 2021","2021/49",13,Not Applicable,Not Applicable
,"Brown County, SD","46013","2022 Week 08 ending February 26, 2022 (provisional)","2022/08",10,Not Applicable,Not Applicable
,"Brown County, SD","46013","2022 Week 12 ending March 26, 2022 (provisional)","2022/12",11,Not Applicable,Not Applicable
,"Brown County, SD","46013","2022 Week 17 ending April 30, 2022 (provisional)","2022/17",10,Not Applicable,Not Applicable
,"Brown County, SD","46013","2022 Week 23 ending June 11, 2022 (provisional)","2022/23",13,Not Applicable,Not Applicable
,"Brown County, SD","46013","2022 Week 28 ending July 16, 2022 (provisional)","2022/28",10,Not Applicable,Not Applicable
,"Brown County, SD","46013","2022 Week 40 ending October 08, 2022 (provisional)","2022/40",10,Not Applicable,Not Applicable
,"Brown County, SD","46013","2022 Week 42 ending October 22, 2022 (provisional)","2022/42",16,Not Applicable,Not Applicable
,"Brown County, SD","46013","2022 Week 44 ending November 05, 2022 (provisional)","2022/44",17,Not Applicable,Not Applicable
,"Brown County, SD","46013","2022 Week 46 ending November 19, 2022 (provisional)","2022/46",10,Not Applicable,Not Applicable
,"Brown County, SD","46013","2022 Week 51 ending December 24, 2022 (provisional)","2022/51",10,Not Applicable,Not Applicable
,"Brown County, SD","46013","2023 Week 01 ending January 07, 2023 (provisional)","2023/01",12,Not Applicable,Not Applicable
,"Brown County, SD","46013","2023 Week 05 ending February 04, 2023 (provisional)","2023/05",13,Not Applicable,Not Applicable
,"Brown County, SD","46013","2023 Week 10 ending March 11, 2023 (provisional)","2023/10",13,Not Applicable,Not Applicable
,"Brown County, SD","46013","2023 Week 13 ending April 01, 2023 (provisional)","2023/13",13,Not Applicable,Not Applicable
,"Brown County, SD","46013","2023 Week 15 ending April 15, 2023 (provisional)","2023/15",11,Not Applicable,Not Applicable
,"Brown County, SD","46013","2023 Week 19 ending May 13, 2023 (provisional)","2023/19",12,Not Applicable,Not Applicable
"Total","Brown County, SD","46013",,,2122,Not Applicable,Not Applicable
"Total","Brule County, SD","46015",,,291,Not Applicable,Not Applicable
"Total","Buffalo County, SD","46017",,,176,Not Applicable,Not Applicable
"Total","Butte County, SD","46019",,,634,Not Applicable,Not Applicable
"Total","Campbell County, SD","46021",,,108,Not Applicable,Not Applicable
"Total","Charles Mix County, SD","46023",,,622,Not Applicable,Not Applicable
"Total","Clark County, SD","46025",,,223,Not Applicable,Not Applicable
"Total","Clay County, SD","46027",,,585,Not Applicable,Not Applicable
,"Codington County, SD","46029","2018 Week 43 ending October 27, 2018","2018/43",10,Not Applicable,Not Applicable
,"Codington County, SD","46029","2019 Week 42 ending October 19, 2019","2019/42",10,Not Applicable,Not Applicable
,"Codington County, SD","46029","2019 Week 47 ending November 23, 2019","2019/47",11,Not Applicable,Not Applicable
,"Codington County, SD","46029","2020 Week 07 ending February 15, 2020","2020/07",10,Not Applicable,Not Applicable
,"Codington County, SD","46029","2020 Week 08 ending February 22, 2020","2020/08",10,Not Applicable,Not Applicable
,"Codington County, SD","46029","2020 Week 12 ending March 21, 2020","2020/12",11,Not Applicable,Not Applicable
,"Codington County, SD","46029","2020 Week 16 ending April 18, 2020","2020/16",11,Not Applicable,Not Applicable
,"Codington County, SD","46029","2020 Week 39 ending September 26, 2020","2020/39",12,Not Applicable,Not Applicable
,"Codington County, SD","46029","2020 Week 43 ending October 24, 2020","2020/43",11,Not Applicable,Not Applicable
,"Codington County, SD","46029","2020 Week 44 ending October 31, 2020","2020/44",11,Not Applicable,Not Applicable
,"Codington County, SD","46029","2020 Week 45 ending November 07, 2020","2020/45",16,Not Applicable,Not Applicable
,"Codington County, SD","46029","2020 Week 46 ending November 14, 2020","2020/46",14,Not Applicable,Not Applicable
,"Codington County, SD","46029","2020 Week 47 ending November 21, 2020","2020/47",14,Not Applicable,Not Applicable
,"Codington County, SD","46029","2020 Week 48 ending November 28, 2020","2020/48",15,Not Applicable,Not Applicable
,"Codington County, SD","46029","2020 Week 49 ending December 05, 2020","2020/49",11,Not Applicable,Not Applicable
,"Codington County, SD","46029","2020 Week 50 ending December 12, 2020","2020/50",10,Not Applicable,Not Applicable
,"Codington County, SD","46029","2021 Week 30 ending July 31, 2021","2021/30",11,Not Applicable,Not Applicable
,"Codington County, SD","46029","2021 Week 37 ending September 18, 2021","2021/37",11,Not Applicable,Not Applicable
,"Codington County, SD","46029","2021 Week 51 ending December 25, 2021","2021/51",10,Not Applicable,Not Applicable
,"Codington County, SD","46029","2022 Week 06 ending February 12, 2022 (provisional)","2022/06",10,Not Applicable,Not Applicable
,"Codington County, SD","46029","2022 Week 19 ending May 14, 2022 (provisional)","2022/19",10,Not Applicable,Not Applicable
,"Codington County, SD","46029","2022 Week 47 ending November 26, 2022 (provisional)","2022/47",10,Not Applicable,Not Applicable
,"Codington County, SD","46029","2022 Week 50 ending December 17, 2022 (provisional)","2022/50",11,Not Applicable,Not Applicable
,"Codington County, SD","46029","2023 Week 01 ending January 07, 2023 (provisional)","2023/01",11,Not Applicable,Not Applicable
,"Codington County, SD","46029","2023 Week 12 ending March 25, 2023 (provisional)","2023/12",10,Not Applicable,Not Applicable
,"Codington County, SD","46029","2023 Week 15 ending April 15, 2023 (provisional)","2023/15",11,Not Applicable,Not Applicable
,"Codington County, SD","46029","2023 Week 18 ending May 06, 2023 (provisional)","2023/18",10,Not Applicable,Not Applicable
"Total","Codington County, SD","46029",,,1567,Not Applicable,Not Applicable
"Total","Corson County, SD","46031",,,318,Not Applicable,Not Applicable
"Total","Custer County, SD","46033",,,555,Not Applicable,Not Applicable
,"Davison County, SD","46035","2018 Week 29 ending July 21, 2018","2018/29",10,Not Applicable,Not Applicable
,"Davison County, SD","46035","2019 Week 42 ending October 19, 2019","2019/42",10,Not Applicable,Not Applicable
,"Davison County, SD","46035","2020 Week 42 ending October 17, 2020","2020/42",10,Not Applicable,Not Applicable
,"Davison County, SD","46035","2020 Week 46 ending November 14, 2020","2020/46",16,Not Applicable,Not Applicable
,"Davison County, SD","46035","2020 Week 47 ending November 21, 2020","2020/47",16,Not Applicable,Not Applicable
,"Davison County, SD","46035","2020 Week 48 ending November 28, 2020","2020/48",13,Not Applicable,Not Applicable
,"Davison County, SD","46035","2021 Week 28 ending July 17, 2021","2021/28",10,Not Applicable,Not Applicable
,"Davison County, SD","46035","2022 Week 47 ending November 26, 2022 (provisional)","2022/47",13,Not Applicable,Not Applicable
,"Davison County, SD","46035","2022 Week 50 ending December 17, 2022 (provisional)","2022/50",12,Not Applicable,Not Applicable
"Total","Davison County, SD","46035",,,1275,Not Applicable,Not Applicable
"Total","Day County, SD","46037",,,455,Not Applicable,Not Applicable
"Total","Deuel County, SD","46039",,,258,Not Applicable,Not Applicable
"Total","Dewey County, SD","46041",,,384,Not Applicable,Not Applicable
"Total","Douglas County, SD","46043",,,235,Not Applicable,Not Applicable
"Total","Edmunds County, SD","46045",,,225,Not Applicable,Not Applicable
"Total","Fall River County, SD","46047",,,725,Not Applicable,Not Applicable
"Total","Faulk County, SD","46049",,,205,Not Applicable,Not Applicable
"Total","Grant County, SD","46051",,,549,Not Applicable,Not Applicable
"Total","Gregory County, SD","46053",,,349,Not Applicable,Not Applicable
"Total","Haakon County, SD","46055",,,139,Not Applicable,Not Applicable
,"Hamlin County, SD","46057","2020 Week 48 ending November 28, 2020","2020/48",11,Not Applicable,Not Applicable
"Total","Hamlin County, SD","46057",,,370,Not Applicable,Not Applicable
"Total","Hand County, SD","46059",,,275,Not Applicable,Not Applicable
"Total","Hanson County, SD","46061",,,131,Not Applicable,Not Applicable
"Total","Harding County, SD","46063",,,43,Not Applicable,Not Applicable
,"Hughes County, SD","46065","2020 Week 45 ending November 07, 2020","2020/45",10,Not Applicable,Not Applicable
,"Hughes County, SD","46065","2020 Week 46 ending November 14, 2020","2020/46",11,Not Applicable,Not Applicable
"Total","Hughes County, SD","46065",,,1028,Not Applicable,Not Applicable
"Total","Hutchinson County, SD","46067",,,604,Not Applicable,Not Applicable
"Total","Hyde County, SD","46069",,,127,Not Applicable,Not Applicable
"Total","Jackson County, SD","46071",,,216,Not Applicable,Not Applicable
"Total","Jerauld County, SD","46073",,,259,Not Applicable,Not Applicable
"Total","Jones County, SD","46075",,,56,Not Applicable,Not Applicable
"Total","Kingsbury County, SD","46077",,,364,Not Applicable,Not Applicable
"Total","Lake County, SD","46079",,,593,Not Applicable,Not Applicable
,"Lawrence County, SD","46081","2018 Week 34 ending August 25, 2018","2018/34",10,Not Applicable,Not Applicable
,"Lawrence County, SD","46081","2019 Week 14 ending April 06, 2019","2019/14",10,Not Applicable,Not Applicable
,"Lawrence County, SD","46081","2020 Week 45 ending November 07, 2020","2020/45",12,Not Applicable,Not Applicable
,"Lawrence County, SD","46081","2020 Week 46 ending November 14, 2020","2020/46",19,Not Applicable,Not Applicable
,"Lawrence County, SD","46081","2020 Week 49 ending December 05, 2020","2020/49",13,Not Applicable,Not Applicable
,"Lawrence County, SD","46081","2021 Week 14 ending April 10, 2021","2021/14",10,Not Applicable,Not Applicable
,"Lawrence County, SD","46081","2021 Week 29 ending July 24, 2021","2021/29",10,Not Applicable,Not Applicable
,"Lawrence County, SD","46081","2021 Week 46 ending November 20, 2021","2021/46",10,Not Applicable,Not Applicable
,"Lawrence County, SD","46081","2021 Week 47 ending November 27, 2021","2021/47",12,Not Applicable,Not Applicable
,"Lawrence County, SD","46081","2022 Week 27 ending July 09, 2022 (provisional)","2022/27",13,Not Applicable,Not Applicable
"Total","Lawrence County, SD","46081",,,1460,Not Applicable,Not Applicable
,"Lincoln County, SD","46083","2018 Week 18 ending May 05, 2018","2018/18",10,Not Applicable,Not Applicable
,"Lincoln County, SD","46083","2018 Week 44 ending November 03, 2018","2018/44",12,Not Applicable,Not Applicable
,"Lincoln County, SD","46083","2019 Week 31 ending August 03, 2019","2019/31",12,Not Applicable,Not Applicable
,"Lincoln County, SD","46083","2019 Week 46 ending November 16, 2019","2019/46",12,Not Applicable,Not Applicable
,"Lincoln County, SD","46083","2019 Week 50 ending December 14, 2019","2019/50",10,Not Applicable,Not Applicable
,"Lincoln County, SD","46083","2020 Week 02 ending January 11, 2020","2020/02",11,Not Applicable,Not Applicable
,"Lincoln County, SD","46083","2020 Week 10 ending March 07, 2020","2020/10",13,Not Applicable,Not Applicable
,"Lincoln County, SD","46083","2020 Week 40 ending October 03, 2020","2020/40",14,Not Applicable,Not Applicable
,"Lincoln County, SD","46083","2020 Week 43 ending October 24, 2020","2020/43",11,Not Applicable,Not Applicable
,"Lincoln County, SD","46083","2020 Week 44 ending October 31, 2020","2020/44",10,Not Applicable,Not Applicable
,"Lincoln County, SD","46083","2020 Week 45 ending November 07, 2020","2020/45",19,Not Applicable,Not Applicable
,"Lincoln County, SD","46083","2020 Week 46 ending November 14, 2020","2020/46",14,Not Applicable,Not Applicable
,"Lincoln County, SD","46083","2020 Week 47 ending November 21, 2020","2020/47",11,Not Applicable,Not Applicable
,"Lincoln County, SD","46083","2020 Week 48 ending November 28, 2020","2020/48",11,Not Applicable,Not Applicable
,"Lincoln County, SD","46083","2020 Week 51 ending December 19, 2020","2020/51",11,Not Applicable,Not Applicable
,"Lincoln County, SD","46083","2021 Week 05 ending February 06, 2021","2021/05",12,Not Applicable,Not Applicable
,"Lincoln County, SD","46083","2021 Week 21 ending May 29, 2021","2021/21",11,Not Applicable,Not Applicable
,"Lincoln County, SD","46083","2021 Week 25 ending June 26, 2021","2021/25",10,Not Applicable,Not Applicable
,"Lincoln County, SD","46083","2021 Week 34 ending August 28, 2021","2021/34",12,Not Applicable,Not Applicable
,"Lincoln County, SD","46083","2021 Week 40 ending October 09, 2021","2021/40",11,Not Applicable,Not Applicable
,"Lincoln County, SD","46083","2021 Week 51 ending December 25, 2021","2021/51",10,Not Applicable,Not Applicable
,"Lincoln County, SD","46083","2022 Week 02 ending January 15, 2022 (provisional)","2022/02",11,Not Applicable,Not Applicable
,"Lincoln County, SD","46083","2022 Week 04 ending January 29, 2022 (provisional)","2022/04",11,Not Applicable,Not Applicable
,"Lincoln County, SD","46083","2022 Week 06 ending February 12, 2022 (provisional)","2022/06",13,Not Applicable,Not Applicable
,"Lincoln County, SD","46083","2022 Week 07 ending February 19, 2022 (provisional)","2022/07",12,Not Applicable,Not Applicable
,"Lincoln County, SD","46083","2022 Week 12 ending March 26, 2022 (provisional)","2022/12",12,Not Applicable,Not Applicable
,"Lincoln County, SD","46083","2022 Week 13 ending April 02, 2022 (provisional)","2022/13",10,Not Applicable,Not Applicable
,"Lincoln County, SD","46083","2023 Week 06 ending February 11, 2023 (provisional)","2023/06",14,Not Applicable,Not Applicable
,"Lincoln County, SD","46083","2023 Week 14 ending April 08, 2023 (provisional)","2023/14",12,Not Applicable,Not Applicable
,"Lincoln County, SD","46083","2023 Week 19 ending May 13, 2023 (provisional)","2023/19",10,Not Applicable,Not Applicable
,"Lincoln County, SD","46083","2023 Week 24 ending June 17, 2023 (provisional)","2023/24",10,Not Applicable,Not Applicable
"Total","Lincoln County, SD","46083",,,1573,Not Applicable,Not Applicable
"Total","Lyman County, SD","46085",,,252,Not Applicable,Not Applicable
"Total","McCook County, SD","46087",,,408,Not Applicable,Not Applicable
"Total","McPherson County, SD","46089",,,198,Not Applicable,Not Applicable
"Total","Marshall County, SD","46091",,,260,Not Applicable,Not Applicable
,"Meade County, SD","46093","2019 Week 39 ending September 28, 2019","2019/39",10,Not Applicable,Not Applicable
,"Meade County, SD","46093","2022 Week 43 ending October 29, 2022 (provisional)","2022/43",11,Not Applicable,Not Applicable
,"Meade County, SD","46093","2023 Week 13 ending April 01, 2023 (provisional)","2023/13",10,Not Applicable,Not Applicable
,"Meade County, SD","46093","2023 Week 16 ending April 22, 2023 (provisional)","2023/16",10,Not Applicable,Not Applicable
,"Meade County, SD","46093","2023 Week 19 ending May 13, 2023 (provisional)","2023/19",10,Not Applicable,Not Applicable
"Total","Meade County, SD","46093",,,1329,Not Applicable,Not Applicable
"Total","Mellette County, SD","46095",,,169,Not Applicable,Not Applicable
"Total","Miner County, SD","46097",,,179,Not Applicable,Not Applicable
,"Minnehaha County, SD","46099","2018 Week 01 ending January 06, 2018","2018/01",41,Not Applicable,Not Applicable
,"Minnehaha County, SD","46099","2018 Week 02 ending January 13, 2018","2018/02",33,Not Applicable,Not Applicable
,"Minnehaha County, SD","46099","2018 Week 03 ending January 20, 2018","2018/03",23,Not Applicable,Not Applicable
,"Minnehaha County, SD","46099","2018 Week 04 ending January 27, 2018","2018/04",37,Not Applicable,Not Applicable
,"Minnehaha County, SD","46099","2018 Week 05 ending February 03, 2018","2018/05",23,Not Applicable,Not Applicable
,"Minnehaha County, SD","46099","2018 Week 06 ending February 10, 2018","2018/06",24,Not Applicable,Not Applicable
,"Minnehaha County, SD","46099","2018 Week 07 ending February 17, 2018","2018/07",25,Not Applicable,Not Applicable
,"Minnehaha County, SD","46099","2018 Week 08 ending February 24, 2018","2018/08",42,Not Applicable,Not Applicable
,"Minnehaha County, SD","46099","2018 Week 09 ending March 03, 2018","2018/09",29,Not Applicable,Not Applicable
,"Minnehaha County, SD","46099","2018 Week 10 ending March 10, 2018","2018/10",32,Not Applicable,Not Applicable
,"Minnehaha County, SD","46099","2018 Week 11 ending March 17, 2018","2018/11",30,Not Applicable,Not Applicable
,"Minnehaha County, SD","46099","2018 Week 12 ending March 24, 2018","2018/12",29,Not Applicable,Not Applicable
,"Minnehaha County, SD","46099","2018 Week 13 ending March 31, 2018","2018/13",37,Not Applicable,Not Applicable
,"Minnehaha County, SD","46099","2018 Week 14 ending April 07, 2018","2018/14",25,Not Applicable,Not Applicable
,"Minnehaha County, SD","46099","2018 Week 15 ending April 14, 2018","2018/15",33,Not Applicable,Not Applicable
,"Minnehaha County, SD","46099","2018 Week 16 ending April 21, 2018","2018/16",31,Not Applicable,Not Applicable
,"Minnehaha County, SD","46099","2018 Week 17 ending April 28, 2018","2018/17",21,Not Applicable,Not Applicable
,"Minnehaha County, SD","46099","2018 Week 18 ending May 05, 2018","2018/18",24,Not Applicable,Not Applicable
,"Minnehaha County, SD","46099","2018 Week 19 ending May 12, 2018","2018/19",27,Not Applicable,Not Applicable
,"Minnehaha County, SD","46099","2018 Week 20 ending May 19, 2018","2018/20",26,Not Applicable,Not Applicable
,"Minnehaha County, SD","46099","2018 Week 21 ending May 26, 2018","2018/21",28,Not Applicable,Not Applicable
,"Minnehaha County, SD","46099","2018 Week 22 ending June 02, 2018","2018/22",24,Not Applicable,Not Applicable
,"Minnehaha County, SD","46099","2018 Week 23 ending June 09, 2018","2018/23",32,Not Applicable,Not Applicable
,"Minnehaha County, SD","46099","2018 Week 24 ending June 16, 2018","2018/24",26,Not Applicable,Not Applicable
,"Minnehaha County, SD","46099","2018 Week 25 ending June 23, 2018","2018/25",25,Not Applicable,Not Applicable
,"Minnehaha County, SD","46099","2018 Week 26 ending June 30, 2018","2018/26",29,Not Applicable,Not Applicable
,"Minnehaha County, SD","46099","2018 Week 27 ending July 07, 2018","2018/27",32,Not Applicable,Not Applicable
,"Minnehaha County, SD","46099","2018 Week 28 ending July 14, 2018","2018/28",18,Not Applicable,Not Applicable
,"Minnehaha County, SD","46099","2018 Week 29 ending July 21, 2018","2018/29",31,Not Applicable,Not Applicable
,"Minnehaha County, SD","46099","2018 Week 30 ending July 28, 2018","2018/30",32,Not Applicable,Not Applicable
,"Minnehaha County, SD","46099","2018 Week 31 ending August 04, 2018","2018/31",33,Not Applicable,Not Applicable
,"Minnehaha County, SD","46099","2018 Week 32 ending August 11, 2018","2018/32",18,Not Applicable,Not Applicable
,"Minnehaha County, SD","46099","2018 Week 33 ending August 18, 2018","2018/33",21,Not Applicable,Not Applicable
,"Minnehaha County, SD","46099","2018 Week 34 ending August 25, 2018","2018/34",19,Not Applicable,Not Applicable
,"Minnehaha County, SD","46099","2018 Week 35 ending September 01, 2018","2018/35",27,Not Applicable,Not Applicable
,"Minnehaha County, SD","46099","2018 Week 36 ending September 08, 2018","2018/36",29,Not Applicable,Not Applicable
,"Minnehaha County, SD","46099","2018 Week 37 ending September 15, 2018","2018/37",32,Not Applicable,Not Applicable
,"Minnehaha County, SD","46099","2018 Week 38 ending September 22, 2018","2018/38",26,Not Applicable,Not Applicable
,"Minnehaha County, SD","46099","2018 Week 39 ending September 29, 2018","2018/39",26,Not Applicable,Not Applicable
,"Minnehaha County, SD","46099","2018 Week 40 ending October 06, 2018","2018/40",30,Not Applicable,Not Applicable
,"Minnehaha County, SD","46099","2018 Week 41 ending October 13, 2018","2018/41",31,Not Applicable,Not Applicable
,"Minnehaha County, SD","46099","2018 Week 42 ending October 20, 2018","2018/42",32,Not Applicable,Not Applicable
,"Minnehaha County, SD","46099","2018 Week 43 ending October 27, 2018","2018/43",29,Not Applicable,Not Applicable
,"Minnehaha County, SD","46099","2018 Week 44 ending November 03, 2018","2018/44",41,Not Applicable,Not Applicable
,"Minnehaha County, SD","46099","2018 Week 45 ending November 10, 2018","2018/45",33,Not Applicable,Not Applicable
,"Minnehaha County, SD","46099","2018 Week 46 ending November 17, 2018","2018/46",20,Not Applicable,Not Applicable
,"Minnehaha County, SD","46099","2018 Week 47 ending November 24, 2018","2018/47",38,Not Applicable,Not Applicable
,"Minnehaha County, SD","46099","2018 Week 48 ending December 01, 2018","2018/48",36,Not Applicable,Not Applicable
,"Minnehaha County, SD","46099","2018 Week 49 ending December 08, 2018","2018/49",23,Not Applicable,Not Applicable
,"Minnehaha County, SD","46099","2018 Week 50 ending December 15, 2018","2018/50",31,Not Applicable,Not Applicable
,"Minnehaha County, SD","46099","2018 Week 51 ending December 22, 2018","2018/51",16,Not Applicable,Not Applicable
,"Minnehaha County, SD","46099","2018 Week 52 ending December 29, 2018","2018/52",38,Not Applicable,Not Applicable
,"Minnehaha County, SD","46099","2019 Week 01 ending January 05, 2019","2019/01",33,Not Applicable,Not Applicable
,"Minnehaha County, SD","46099","2019 Week 02 ending January 12, 2019","2019/02",22,Not Applicable,Not Applicable
,"Minnehaha County, SD","46099","2019 Week 03 ending January 19, 2019","2019/03",30,Not Applicable,Not Applicable
,"Minnehaha County, SD","46099","2019 Week 04 ending January 26, 2019","2019/04",28,Not Applicable,Not Applicable
,"Minnehaha County, SD","46099","2019 Week 05 ending February 02, 2019","2019/05",37,Not Applicable,Not Applicable
,"Minnehaha County, SD","46099","2019 Week 06 ending February 09, 2019","2019/06",22,Not Applicable,Not Applicable
,"Minnehaha County, SD","46099","2019 Week 07 ending February 16, 2019","2019/07",37,Not Applicable,Not Applicable
,"Minnehaha County, SD","46099","2019 Week 08 ending February 23, 2019","2019/08",29,Not Applicable,Not Applicable
,"Minnehaha County, SD","46099","2019 Week 09 ending March 02, 2019","2019/09",39,Not Applicable,Not Applicable
,"Minnehaha County, SD","46099","2019 Week 10 ending March 09, 2019","2019/10",35,Not Applicable,Not Applicable
,"Minnehaha County, SD","46099","2019 Week 11 ending March 16, 2019","2019/11",24,Not Applicable,Not Applicable
,"Minnehaha County, SD","46099","2019 Week 12 ending March 23, 2019","2019/12",39,Not Applicable,Not Applicable
,"Minnehaha County, SD","46099","2019 Week 13 ending March 30, 2019","2019/13",25,Not Applicable,Not Applicable
,"Minnehaha County, SD","46099","2019 Week 14 ending April 06, 2019","2019/14",37,Not Applicable,Not Applicable
,"Minnehaha County, SD","46099","2019 Week 15 ending April 13, 2019","2019/15",29,Not Applicable,Not Applicable
,"Minnehaha County, SD","46099","2019 Week 16 ending April 20, 2019","2019/16",45,Not Applicable,Not Applicable
,"Minnehaha County, SD","46099","2019 Week 17 ending April 27, 2019","2019/17",38,Not Applicable,Not Applicable
,"Minnehaha County, SD","46099","2019 Week 18 ending May 04, 2019","2019/18",34,Not Applicable,Not Applicable
,"Minnehaha County, SD","46099","2019 Week 19 ending May 11, 2019","2019/19",34,Not Applicable,Not Applicable
,"Minnehaha County, SD","46099","2019 Week 20 ending May 18, 2019","2019/20",26,Not Applicable,Not Applicable
,"Minnehaha County, SD","46099","2019 Week 21 ending May 25, 2019","2019/21",34,Not Applicable,Not Applicable
,"Minnehaha County, SD","46099","2019 Week 22 ending June 01, 2019","2019/22",31,Not Applicable,Not Applicable
,"Minnehaha County, SD","46099","2019 Week 23 ending June 08, 2019","2019/23",22,Not Applicable,Not Applicable
,"Minnehaha County, SD","46099","2019 Week 24 ending June 15, 2019","2019/24",28,Not Applicable,Not Applicable
,"Minnehaha County, SD","46099","2019 Week 25 ending June 22, 2019","2019/25",34,Not Applicable,Not Applicable
,"Minnehaha County, SD","46099","2019 Week 26 ending June 29, 2019","2019/26",30,Not Applicable,Not Applicable
,"Minnehaha County, SD","46099","2019 Week 27 ending July 06, 2019","2019/27",23,Not Applicable,Not Applicable
,"Minnehaha County, SD","46099","2019 Week 28 ending July 13, 2019","2019/28",27,Not Applicable,Not Applicable
,"Minnehaha County, SD","46099","2019 Week 29 ending July 20, 2019","2019/29",25,Not Applicable,Not Applicable
,"Minnehaha County, SD","46099","2019 Week 30 ending July 27, 2019","2019/30",29,Not Applicable,Not Applicable
,"Minnehaha County, SD","46099","2019 Week 31 ending August 03, 2019","2019/31",27,Not Applicable,Not Applicable
,"Minnehaha County, SD","46099","2019 Week 32 ending August 10, 2019","2019/32",27,Not Applicable,Not Applicable
,"Minnehaha County, SD","46099","2019 Week 33 ending August 17, 2019","2019/33",36,Not Applicable,Not Applicable
,"Minnehaha County, SD","46099","2019 Week 34 ending August 24, 2019","2019/34",38,Not Applicable,Not Applicable
,"Minnehaha County, SD","46099","2019 Week 35 ending August 31, 2019","2019/35",37,Not Applicable,Not Applicable
,"Minnehaha County, SD","46099","2019 Week 36 ending September 07, 2019","2019/36",35,Not Applicable,Not Applicable
,"Minnehaha County, SD","46099","2019 Week 37 ending September 14, 2019","2019/37",27,Not Applicable,Not Applicable
,"Minnehaha County, SD","46099","2019 Week 38 ending September 21, 2019","2019/38",21,Not Applicable,Not Applicable
,"Minnehaha County, SD","46099","2019 Week 39 ending September 28, 2019","2019/39",19,Not Applicable,Not Applicable
,"Minnehaha County, SD","46099","2019 Week 40 ending October 05, 2019","2019/40",31,Not Applicable,Not Applicable
,"Minnehaha County, SD","46099","2019 Week 41 ending October 12, 2019","2019/41",20,Not Applicable,Not Applicable
,"Minnehaha County, SD","46099","2019 Week 42 ending October 19, 2019","2019/42",37,Not Applicable,Not Applicable
,"Minnehaha County, SD","46099","2019 Week 43 ending October 26, 2019","2019/43",29,Not Applicable,Not Applicable
,"Minnehaha County, SD","46099","2019 Week 44 ending November 02, 2019","2019/44",32,Not Applicable,Not Applicable
,"Minnehaha County, SD","46099","2019 Week 45 ending November 09, 2019","2019/45",30,Not Applicable,Not Applicable
,"Minnehaha County, SD","46099","2019 Week 46 ending November 16, 2019","2019/46",35,Not Applicable,Not Applicable
,"Minnehaha County, SD","46099","2019 Week 47 ending November 23, 2019","2019/47",37,Not Applicable,Not Applicable
,"Minnehaha County, SD","46099","2019 Week 48 ending November 30, 2019","2019/48",31,Not Applicable,Not Applicable
,"Minnehaha County, SD","46099","2019 Week 49 ending December 07, 2019","2019/49",27,Not Applicable,Not Applicable
,"Minnehaha County, SD","46099","2019 Week 50 ending December 14, 2019","2019/50",32,Not Applicable,Not Applicable
,"Minnehaha County, SD","46099","2019 Week 51 ending December 21, 2019","2019/51",23,Not Applicable,Not Applicable
,"Minnehaha County, SD","46099","2019 Week 52 ending December 28, 2019","2019/52",28,Not Applicable,Not Applicable
,"Minnehaha County, SD","46099","2020 Week 01 ending January 04, 2020","2020/01",32,Not Applicable,Not Applicable
,"Minnehaha County, SD","46099","2020 Week 02 ending January 11, 2020","2020/02",31,Not Applicable,Not Applicable
,"Minnehaha County, SD","46099","2020 Week 03 ending January 18, 2020","2020/03",35,Not Applicable,Not Applicable
,"Minnehaha County, SD","46099","2020 Week 04 ending January 25, 2020","2020/04",29,Not Applicable,Not Applicable
,"Minnehaha County, SD","46099","2020 Week 05 ending February 01, 2020","2020/05",31,Not Applicable,Not Applicable
,"Minnehaha County, SD","46099","2020 Week 06 ending February 08, 2020","2020/06",35,Not Applicable,Not Applicable
,"Minnehaha County, SD","46099","2020 Week 07 ending February 15, 2020","2020/07",31,Not Applicable,Not Applicable
,"Minnehaha County, SD","46099","2020 Week 08 ending February 22, 2020","2020/08",35,Not Applicable,Not Applicable
,"Minnehaha County, SD","46099","2020 Week 09 ending February 29, 2020","2020/09",30,Not Applicable,Not Applicable
,"Minnehaha County, SD","46099","2020 Week 10 ending March 07, 2020","2020/10",38,Not Applicable,Not Applicable
,"Minnehaha County, SD","46099","2020 Week 11 ending March 14, 2020","2020/11",24,Not Applicable,Not Applicable
,"Minnehaha County, SD","46099","2020 Week 12 ending March 21, 2020","2020/12",28,Not Applicable,Not Applicable
,"Minnehaha County, SD","46099","2020 Week 13 ending March 28, 2020","2020/13",34,Not Applicable,Not Applicable
,"Minnehaha County, SD","46099","2020 Week 14 ending April 04, 2020","2020/14",38,Not Applicable,Not Applicable
,"Minnehaha County, SD","46099","2020 Week 15 ending April 11, 2020","2020/15",28,Not Applicable,Not Applicable
,"Minnehaha County, SD","46099","2020 Week 16 ending April 18, 2020","2020/16",38,Not Applicable,Not Applicable
,"Minnehaha County, SD","46099","2020 Week 17 ending April 25, 2020","2020/17",38,Not Applicable,Not Applicable
,"Minnehaha County, SD","46099","2020 Week 18 ending May 02, 2020","2020/18",46,Not Applicable,Not Applicable
,"Minnehaha County, SD","46099","2020 Week 19 ending May 09, 2020","2020/19",36,Not Applicable,Not Applicable
,"Minnehaha County, SD","46099","2020 Week 20 ending May 16, 2020","2020/20",26,Not Applicable,Not Applicable
,"Minnehaha County, SD","46099","2020 Week 21 ending May 23, 2020","2020/21",36,Not Applicable,Not Applicable
,"Minnehaha County, SD","46099","2020 Week 22 ending May 30, 2020","2020/22",27,Not Applicable,Not Applicable
,"Minnehaha County, SD","46099","2020 Week 23 ending June 06, 2020","2020/23",29,Not Applicable,Not Applicable
,"Minnehaha County, SD","46099","2020 Week 24 ending June 13, 2020","2020/24",40,Not Applicable,Not Applicable
,"Minnehaha County, SD","46099","2020 Week 25 ending June 20, 2020","2020/25",41,Not Applicable,Not Applicable
,"Minnehaha County, SD","46099","2020 Week 26 ending June 27, 2020","2020/26",30,Not Applicable,Not Applicable
,"Minnehaha County, SD","46099","2020 Week 27 ending July 04, 2020","2020/27",30,Not Applicable,Not Applicable
,"Minnehaha County, SD","46099","2020 Week 28 ending July 11, 2020","2020/28",27,Not Applicable,Not Applicable
,"Minnehaha County, SD","46099","2020 Week 29 ending July 18, 2020","2020/29",33,Not Applicable,Not Applicable
,"Minnehaha County, SD","46099","2020 Week 30 ending July 25, 2020","2020/30",27,Not Applicable,Not Applicable
,"Minnehaha County, SD","46099","2020 Week 31 ending August 01, 2020","2020/31",28,Not Applicable,Not Applicable
,"Minnehaha County, SD","46099","2020 Week 32 ending August 08, 2020","2020/32",34,Not Applicable,Not Applicable
,"Minnehaha County, SD","46099","2020 Week 33 ending August 15, 2020","2020/33",35,Not Applicable,Not Applicable
,"Minnehaha County, SD","46099","2020 Week 34 ending August 22, 2020","2020/34",21,Not Applicable,Not Applicable
,"Minnehaha County, SD","46099","2020 Week 35 ending August 29, 2020","2020/35",32,Not Applicable,Not Applicable
,"Minnehaha County, SD","46099","2020 Week 36 ending September 05, 2020","2020/36",38,Not Applicable,Not Applicable
,"Minnehaha County, SD","46099","2020 Week 37 ending September 12, 2020","2020/37",29,Not Applicable,Not Applicable
,"Minnehaha County, SD","46099","2020 Week 38 ending September 19, 2020","2020/38",25,Not Applicable,Not Applicable
,"Minnehaha County, SD","46099","2020 Week 39 ending September 26, 2020","2020/39",30,Not Applicable,Not Applicable
,"Minnehaha County, SD","46099","2020 Week 40 ending October 03, 2020","2020/40",26,Not Applicable,Not Applicable
,"Minnehaha County, SD","46099","2020 Week 41 ending October 10, 2020","2020/41",43,Not Applicable,Not Applicable
,"Minnehaha County, SD","46099","2020 Week 42 ending October 17, 2020","2020/42",37,Not Applicable,Not Applicable
,"Minnehaha County, SD","46099","2020 Week 43 ending October 24, 2020","2020/43",43,Not Applicable,Not Applicable
,"Minnehaha County, SD","46099","2020 Week 44 ending October 31, 2020","2020/44",40,Not Applicable,Not Applicable
,"Minnehaha County, SD","46099","2020 Week 45 ending November 07, 2020","2020/45",66,Not Applicable,Not Applicable
,"Minnehaha County, SD","46099","2020 Week 46 ending November 14, 2020","2020/46",47,Not Applicable,Not Applicable
,"Minnehaha County, SD","46099","2020 Week 47 ending November 21, 2020","2020/47",59,Not Applicable,Not Applicable
,"Minnehaha County, SD","46099","2020 Week 48 ending November 28, 2020","2020/48",63,Not Applicable,Not Applicable
,"Minnehaha County, SD","46099","2020 Week 49 ending December 05, 2020","2020/49",49,Not Applicable,Not Applicable
,"Minnehaha County, SD","46099","2020 Week 50 ending December 12, 2020","2020/50",59,Not Applicable,Not Applicable
,"Minnehaha County, SD","46099","2020 Week 51 ending December 19, 2020","2020/51",44,Not Applicable,Not Applicable
,"Minnehaha County, SD","46099","2020 Week 52 ending December 26, 2020","2020/52",48,Not Applicable,Not Applicable
,"Minnehaha County, SD","46099","2020 Week 53 ending January 02, 2021","2020/53",42,Not Applicable,Not Applicable
,"Minnehaha County, SD","46099","2021 Week 01 ending January 09, 2021","2021/01",32,Not Applicable,Not Applicable
,"Minnehaha County, SD","46099","2021 Week 02 ending January 16, 2021","2021/02",37,Not Applicable,Not Applicable
,"Minnehaha County, SD","46099","2021 Week 03 ending January 23, 2021","2021/03",37,Not Applicable,Not Applicable
,"Minnehaha County, SD","46099","2021 Week 04 ending January 30, 2021","2021/04",39,Not Applicable,Not Applicable
,"Minnehaha County, SD","46099","2021 Week 05 ending February 06, 2021","2021/05",36,Not Applicable,Not Applicable
,"Minnehaha County, SD","46099","2021 Week 06 ending February 13, 2021","2021/06",38,Not Applicable,Not Applicable
,"Minnehaha County, SD","46099","2021 Week 07 ending February 20, 2021","2021/07",25,Not Applicable,Not Applicable
,"Minnehaha County, SD","46099","2021 Week 08 ending February 27, 2021","2021/08",29,Not Applicable,Not Applicable
,"Minnehaha County, SD","46099","2021 Week 09 ending March 06, 2021","2021/09",27,Not Applicable,Not Applicable
,"Minnehaha County, SD","46099","2021 Week 10 ending March 13, 2021","2021/10",31,Not Applicable,Not Applicable
,"Minnehaha County, SD","46099","2021 Week 11 ending March 20, 2021","2021/11",31,Not Applicable,Not Applicable
,"Minnehaha County, SD","46099","2021 Week 12 ending March 27, 2021","2021/12",39,Not Applicable,Not Applicable
,"Minnehaha County, SD","46099","2021 Week 13 ending April 03, 2021","2021/13",33,Not Applicable,Not Applicable
,"Minnehaha County, SD","46099","2021 Week 14 ending April 10, 2021","2021/14",33,Not Applicable,Not Applicable
,"Minnehaha County, SD","46099","2021 Week 15 ending April 17, 2021","2021/15",36,Not Applicable,Not Applicable
,"Minnehaha County, SD","46099","2021 Week 16 ending April 24, 2021","2021/16",26,Not Applicable,Not Applicable
,"Minnehaha County, SD","46099","2021 Week 17 ending May 01, 2021","2021/17",30,Not Applicable,Not Applicable
,"Minnehaha County, SD","46099","2021 Week 18 ending May 08, 2021","2021/18",37,Not Applicable,Not Applicable
,"Minnehaha County, SD","46099","2021 Week 19 ending May 15, 2021","2021/19",31,Not Applicable,Not Applicable
,"Minnehaha County, SD","46099","2021 Week 20 ending May 22, 2021","2021/20",25,Not Applicable,Not Applicable
,"Minnehaha County, SD","46099","2021 Week 21 ending May 29, 2021","2021/21",23,Not Applicable,Not Applicable
,"Minnehaha County, SD","46099","2021 Week 22 ending June 05, 2021","2021/22",21,Not Applicable,Not Applicable
,"Minnehaha County, SD","46099","2021 Week 23 ending June 12, 2021","2021/23",41,Not Applicable,Not Applicable
,"Minnehaha County, SD","46099","2021 Week 24 ending June 19, 2021","2021/24",24,Not Applicable,Not Applicable
,"Minnehaha County, SD","46099","2021 Week 25 ending June 26, 2021","2021/25",30,Not Applicable,Not Applicable
,"Minnehaha County, SD","46099","2021 Week 26 ending July 03, 2021","2021/26",26,Not Applicable,Not Applicable
,"Minnehaha County, SD","46099","2021 Week 27 ending July 10, 2021","2021/27",24,Not Applicable,Not Applicable
,"Minnehaha County, SD","46099","2021 Week 28 ending July 17, 2021","2021/28",33,Not Applicable,Not Applicable
,"Minnehaha County, SD","46099","2021 Week 29 ending July 24, 2021","2021/29",38,Not Applicable,Not Applicable
,"Minnehaha County, SD","46099","2021 Week 30 ending July 31, 2021","2021/30",32,Not Applicable,Not Applicable
,"Minnehaha County, SD","46099","2021 Week 31 ending August 07, 2021","2021/31",23,Not Applicable,Not Applicable
,"Minnehaha County, SD","46099","2021 Week 32 ending August 14, 2021","2021/32",29,Not Applicable,Not Applicable
,"Minnehaha County, SD","46099","2021 Week 33 ending August 21, 2021","2021/33",32,Not Applicable,Not Applicable
,"Minnehaha County, SD","46099","2021 Week 34 ending August 28, 2021","2021/34",33,Not Applicable,Not Applicable
,"Minnehaha County, SD","46099","2021 Week 35 ending September 04, 2021","2021/35",35,Not Applicable,Not Applicable
,"Minnehaha County, SD","46099","2021 Week 36 ending September 11, 2021","2021/36",42,Not Applicable,Not Applicable
,"Minnehaha County, SD","46099","2021 Week 37 ending September 18, 2021","2021/37",30,Not Applicable,Not Applicable
,"Minnehaha County, SD","46099","2021 Week 38 ending September 25, 2021","2021/38",34,Not Applicable,Not Applicable
,"Minnehaha County, SD","46099","2021 Week 39 ending October 02, 2021","2021/39",28,Not Applicable,Not Applicable
,"Minnehaha County, SD","46099","2021 Week 40 ending October 09, 2021","2021/40",33,Not Applicable,Not Applicable
,"Minnehaha County, SD","46099","2021 Week 41 ending October 16, 2021","2021/41",38,Not Applicable,Not Applicable
,"Minnehaha County, SD","46099","2021 Week 42 ending October 23, 2021","2021/42",28,Not Applicable,Not Applicable
,"Minnehaha County, SD","46099","2021 Week 43 ending October 30, 2021","2021/43",36,Not Applicable,Not Applicable
,"Minnehaha County, SD","46099","2021 Week 44 ending November 06, 2021","2021/44",26,Not Applicable,Not Applicable
,"Minnehaha County, SD","46099","2021 Week 45 ending November 13, 2021","2021/45",31,Not Applicable,Not Applicable
,"Minnehaha County, SD","46099","2021 Week 46 ending November 20, 2021","2021/46",34,Not Applicable,Not Applicable
,"Minnehaha County, SD","46099","2021 Week 47 ending November 27, 2021","2021/47",42,Not Applicable,Not Applicable
,"Minnehaha County, SD","46099","2021 Week 48 ending December 04, 2021","2021/48",24,Not Applicable,Not Applicable
,"Minnehaha County, SD","46099","2021 Week 49 ending December 11, 2021","2021/49",40,Not Applicable,Not Applicable
,"Minnehaha County, SD","46099","2021 Week 50 ending December 18, 2021","2021/50",42,Not Applicable,Not Applicable
,"Minnehaha County, SD","46099","2021 Week 51 ending December 25, 2021","2021/51",35,Not Applicable,Not Applicable
,"Minnehaha County, SD","46099","2021 Week 52 ending January 01, 2022","2021/52",38,Not Applicable,Not Applicable
,"Minnehaha County, SD","46099","2022 Week 01 ending January 08, 2022 (provisional)","2022/01",37,Not Applicable,Not Applicable
,"Minnehaha County, SD","46099","2022 Week 02 ending January 15, 2022 (provisional)","2022/02",51,Not Applicable,Not Applicable
,"Minnehaha County, SD","46099","2022 Week 03 ending January 22, 2022 (provisional)","2022/03",44,Not Applicable,Not Applicable
,"Minnehaha County, SD","46099","2022 Week 04 ending January 29, 2022 (provisional)","2022/04",41,Not Applicable,Not Applicable
,"Minnehaha County, SD","46099","2022 Week 05 ending February 05, 2022 (provisional)","2022/05",40,Not Applicable,Not Applicable
,"Minnehaha County, SD","46099","2022 Week 06 ending February 12, 2022 (provisional)","2022/06",39,Not Applicable,Not Applicable
,"Minnehaha County, SD","46099","2022 Week 07 ending February 19, 2022 (provisional)","2022/07",34,Not Applicable,Not Applicable
,"Minnehaha County, SD","46099","2022 Week 08 ending February 26, 2022 (provisional)","2022/08",29,Not Applicable,Not Applicable
,"Minnehaha County, SD","46099","2022 Week 09 ending March 05, 2022 (provisional)","2022/09",36,Not Applicable,Not Applicable
,"Minnehaha County, SD","46099","2022 Week 10 ending March 12, 2022 (provisional)","2022/10",39,Not Applicable,Not Applicable
,"Minnehaha County, SD","46099","2022 Week 11 ending March 19, 2022 (provisional)","2022/11",31,Not Applicable,Not Applicable
,"Minnehaha County, SD","46099","2022 Week 12 ending March 26, 2022 (provisional)","2022/12",38,Not Applicable,Not Applicable
,"Minnehaha County, SD","46099","2022 Week 13 ending April 02, 2022 (provisional)","2022/13",26,Not Applicable,Not Applicable
,"Minnehaha County, SD","46099","2022 Week 14 ending April 09, 2022 (provisional)","2022/14",37,Not Applicable,Not Applicable
,"Minnehaha County, SD","46099","2022 Week 15 ending April 16, 2022 (provisional)","2022/15",25,Not Applicable,Not Applicable
,"Minnehaha County, SD","46099","2022 Week 16 ending April 23, 2022 (provisional)","2022/16",27,Not Applicable,Not Applicable
,"Minnehaha County, SD","46099","2022 Week 17 ending April 30, 2022 (provisional)","2022/17",24,Not Applicable,Not Applicable
,"Minnehaha County, SD","46099","2022 Week 18 ending May 07, 2022 (provisional)","2022/18",27,Not Applicable,Not Applicable
,"Minnehaha County, SD","46099","2022 Week 19 ending May 14, 2022 (provisional)","2022/19",34,Not Applicable,Not Applicable
,"Minnehaha County, SD","46099","2022 Week 20 ending May 21, 2022 (provisional)","2022/20",31,Not Applicable,Not Applicable
,"Minnehaha County, SD","46099","2022 Week 21 ending May 28, 2022 (provisional)","2022/21",28,Not Applicable,Not Applicable
,"Minnehaha County, SD","46099","2022 Week 22 ending June 04, 2022 (provisional)","2022/22",30,Not Applicable,Not Applicable
,"Minnehaha County, SD","46099","2022 Week 23 ending June 11, 2022 (provisional)","2022/23",26,Not Applicable,Not Applicable
,"Minnehaha County, SD","46099","2022 Week 24 ending June 18, 2022 (provisional)","2022/24",32,Not Applicable,Not Applicable
,"Minnehaha County, SD","46099","2022 Week 25 ending June 25, 2022 (provisional)","2022/25",28,Not Applicable,Not Applicable
,"Minnehaha County, SD","46099","2022 Week 26 ending July 02, 2022 (provisional)","2022/26",24,Not Applicable,Not Applicable
,"Minnehaha County, SD","46099","2022 Week 27 ending July 09, 2022 (provisional)","2022/27",31,Not Applicable,Not Applicable
,"Minnehaha County, SD","46099","2022 Week 28 ending July 16, 2022 (provisional)","2022/28",21,Not Applicable,Not Applicable
,"Minnehaha County, SD","46099","2022 Week 29 ending July 23, 2022 (provisional)","2022/29",28,Not Applicable,Not Applicable
,"Minnehaha County, SD","46099","2022 Week 30 ending July 30, 2022 (provisional)","2022/30",32,Not Applicable,Not Applicable
,"Minnehaha County, SD","46099","2022 Week 31 ending August 06, 2022 (provisional)","2022/31",36,Not Applicable,Not Applicable
,"Minnehaha County, SD","46099","2022 Week 32 ending August 13, 2022 (provisional)","2022/32",35,Not Applicable,Not Applicable
,"Minnehaha County, SD","46099","2022 Week 33 ending August 20, 2022 (provisional)","2022/33",19,Not Applicable,Not Applicable
,"Minnehaha County, SD","46099","2022 Week 34 ending August 27, 2022 (provisional)","2022/34",24,Not Applicable,Not Applicable
,"Minnehaha County, SD","46099","2022 Week 35 ending September 03, 2022 (provisional)","2022/35",22,Not Applicable,Not Applicable
,"Minnehaha County, SD","46099","2022 Week 36 ending September 10, 2022 (provisional)","2022/36",24,Not Applicable,Not Applicable
,"Minnehaha County, SD","46099","2022 Week 37 ending September 17, 2022 (provisional)","2022/37",29,Not Applicable,Not Applicable
,"Minnehaha County, SD","46099","2022 Week 38 ending September 24, 2022 (provisional)","2022/38",30,Not Applicable,Not Applicable
,"Minnehaha County, SD","46099","2022 Week 39 ending October 01, 2022 (provisional)","2022/39",25,Not Applicable,Not Applicable
,"Minnehaha County, SD","46099","2022 Week 40 ending October 08, 2022 (provisional)","2022/40",23,Not Applicable,Not Applicable
,"Minnehaha County, SD","46099","2022 Week 41 ending October 15, 2022 (provisional)","2022/41",26,Not Applicable,Not Applicable
,"Minnehaha County, SD","46099","2022 Week 42 ending October 22, 2022 (provisional)","2022/42",32,Not Applicable,Not Applicable
,"Minnehaha County, SD","46099","2022 Week 43 ending October 29, 2022 (provisional)","2022/43",31,Not Applicable,Not Applicable
,"Minnehaha County, SD","46099","2022 Week 44 ending November 05, 2022 (provisional)","2022/44",32,Not Applicable,Not Applicable
,"Minnehaha County, SD","46099","2022 Week 45 ending November 12, 2022 (provisional)","2022/45",28,Not Applicable,Not Applicable
,"Minnehaha County, SD","46099","2022 Week 46 ending November 19, 2022 (provisional)","2022/46",28,Not Applicable,Not Applicable
,"Minnehaha County, SD","46099","2022 Week 47 ending November 26, 2022 (provisional)","2022/47",33,Not Applicable,Not Applicable
,"Minnehaha County, SD","46099","2022 Week 48 ending December 03, 2022 (provisional)","2022/48",29,Not Applicable,Not Applicable
,"Minnehaha County, SD","46099","2022 Week 49 ending December 10, 2022 (provisional)","2022/49",35,Not Applicable,Not Applicable
,"Minnehaha County, SD","46099","2022 Week 50 ending December 17, 2022 (provisional)","2022/50",44,Not Applicable,Not Applicable
,"Minnehaha County, SD","46099","2022 Week 51 ending December 24, 2022 (provisional)","2022/51",42,Not Applicable,Not Applicable
,"Minnehaha County, SD","46099","2022 Week 52 ending December 31, 2022 (provisional)","2022/52",30,Not Applicable,Not Applicable
,"Minnehaha County, SD","46099","2023 Week 01 ending January 07, 2023 (provisional)","2023/01",33,Not Applicable,Not Applicable
,"Minnehaha County, SD","46099","2023 Week 02 ending January 14, 2023 (provisional)","2023/02",33,Not Applicable,Not Applicable
,"Minnehaha County, SD","46099","2023 Week 03 ending January 21, 2023 (provisional)","2023/03",39,Not Applicable,Not Applicable
,"Minnehaha County, SD","46099","2023 Week 04 ending January 28, 2023 (provisional)","2023/04",34,Not Applicable,Not Applicable
,"Minnehaha County, SD","46099","2023 Week 05 ending February 04, 2023 (provisional)","2023/05",29,Not Applicable,Not Applicable
,"Minnehaha County, SD","46099","2023 Week 06 ending February 11, 2023 (provisional)","2023/06",33,Not Applicable,Not Applicable
,"Minnehaha County, SD","46099","2023 Week 07 ending February 18, 2023 (provisional)","2023/07",30,Not Applicable,Not Applicable
,"Minnehaha County, SD","46099","2023 Week 08 ending February 25, 2023 (provisional)","2023/08",42,Not Applicable,Not Applicable
,"Minnehaha County, SD","46099","2023 Week 09 ending March 04, 2023 (provisional)","2023/09",35,Not Applicable,Not Applicable
,"Minnehaha County, SD","46099","2023 Week 10 ending March 11, 2023 (provisional)","2023/10",28,Not Applicable,Not Applicable
,"Minnehaha County, SD","46099","2023 Week 11 ending March 18, 2023 (provisional)","2023/11",28,Not Applicable,Not Applicable
,"Minnehaha County, SD","46099","2023 Week 12 ending March 25, 2023 (provisional)","2023/12",27,Not Applicable,Not Applicable
,"Minnehaha County, SD","46099","2023 Week 13 ending April 01, 2023 (provisional)","2023/13",27,Not Applicable,Not Applicable
,"Minnehaha County, SD","46099","2023 Week 14 ending April 08, 2023 (provisional)","2023/14",20,Not Applicable,Not Applicable
,"Minnehaha County, SD","46099","2023 Week 15 ending April 15, 2023 (provisional)","2023/15",33,Not Applicable,Not Applicable
,"Minnehaha County, SD","46099","2023 Week 16 ending April 22, 2023 (provisional)","2023/16",34,Not Applicable,Not Applicable
,"Minnehaha County, SD","46099","2023 Week 17 ending April 29, 2023 (provisional)","2023/17",31,Not Applicable,Not Applicable
,"Minnehaha County, SD","46099","2023 Week 18 ending May 06, 2023 (provisional)","2023/18",17,Not Applicable,Not Applicable
,"Minnehaha County, SD","46099","2023 Week 19 ending May 13, 2023 (provisional)","2023/19",41,Not Applicable,Not Applicable
,"Minnehaha County, SD","46099","2023 Week 20 ending May 20, 2023 (provisional)","2023/20",27,Not Applicable,Not Applicable
,"Minnehaha County, SD","46099","2023 Week 21 ending May 27, 2023 (provisional)","2023/21",34,Not Applicable,Not Applicable
,"Minnehaha County, SD","46099","2023 Week 22 ending June 03, 2023 (provisional)","2023/22",34,Not Applicable,Not Applicable
,"Minnehaha County, SD","46099","2023 Week 23 ending June 10, 2023 (provisional)","2023/23",20,Not Applicable,Not Applicable
,"Minnehaha County, SD","46099","2023 Week 24 ending June 17, 2023 (provisional)","2023/24",23,Not Applicable,Not Applicable
"Total","Minnehaha County, SD","46099",,,9040,Not Applicable,Not Applicable
"Total","Moody County, SD","46101",,,389,Not Applicable,Not Applicable
,"Pennington County, SD","46103","2018 Week 02 ending January 13, 2018","2018/02",18,Not Applicable,Not Applicable
,"Pennington County, SD","46103","2018 Week 03 ending January 20, 2018","2018/03",29,Not Applicable,Not Applicable
,"Pennington County, SD","46103","2018 Week 04 ending January 27, 2018","2018/04",19,Not Applicable,Not Applicable
,"Pennington County, SD","46103","2018 Week 05 ending February 03, 2018","2018/05",16,Not Applicable,Not Applicable
,"Pennington County, SD","46103","2018 Week 06 ending February 10, 2018","2018/06",19,Not Applicable,Not Applicable
,"Pennington County, SD","46103","2018 Week 07 ending February 17, 2018","2018/07",14,Not Applicable,Not Applicable
,"Pennington County, SD","46103","2018 Week 08 ending February 24, 2018","2018/08",12,Not Applicable,Not Applicable
,"Pennington County, SD","46103","2018 Week 09 ending March 03, 2018","2018/09",16,Not Applicable,Not Applicable
,"Pennington County, SD","46103","2018 Week 10 ending March 10, 2018","2018/10",21,Not Applicable,Not Applicable
,"Pennington County, SD","46103","2018 Week 11 ending March 17, 2018","2018/11",17,Not Applicable,Not Applicable
,"Pennington County, SD","46103","2018 Week 12 ending March 24, 2018","2018/12",12,Not Applicable,Not Applicable
,"Pennington County, SD","46103","2018 Week 13 ending March 31, 2018","2018/13",12,Not Applicable,Not Applicable
,"Pennington County, SD","46103","2018 Week 14 ending April 07, 2018","2018/14",15,Not Applicable,Not Applicable
,"Pennington County, SD","46103","2018 Week 15 ending April 14, 2018","2018/15",17,Not Applicable,Not Applicable
,"Pennington County, SD","46103","2018 Week 16 ending April 21, 2018","2018/16",17,Not Applicable,Not Applicable
,"Pennington County, SD","46103","2018 Week 17 ending April 28, 2018","2018/17",20,Not Applicable,Not Applicable
,"Pennington County, SD","46103","2018 Week 18 ending May 05, 2018","2018/18",18,Not Applicable,Not Applicable
,"Pennington County, SD","46103","2018 Week 19 ending May 12, 2018","2018/19",20,Not Applicable,Not Applicable
,"Pennington County, SD","46103","2018 Week 20 ending May 19, 2018","2018/20",15,Not Applicable,Not Applicable
,"Pennington County, SD","46103","2018 Week 21 ending May 26, 2018","2018/21",15,Not Applicable,Not Applicable
,"Pennington County, SD","46103","2018 Week 22 ending June 02, 2018","2018/22",24,Not Applicable,Not Applicable
,"Pennington County, SD","46103","2018 Week 23 ending June 09, 2018","2018/23",23,Not Applicable,Not Applicable
,"Pennington County, SD","46103","2018 Week 24 ending June 16, 2018","2018/24",28,Not Applicable,Not Applicable
,"Pennington County, SD","46103","2018 Week 25 ending June 23, 2018","2018/25",23,Not Applicable,Not Applicable
,"Pennington County, SD","46103","2018 Week 26 ending June 30, 2018","2018/26",18,Not Applicable,Not Applicable
,"Pennington County, SD","46103","2018 Week 27 ending July 07, 2018","2018/27",16,Not Applicable,Not Applicable
,"Pennington County, SD","46103","2018 Week 28 ending July 14, 2018","2018/28",20,Not Applicable,Not Applicable
,"Pennington County, SD","46103","2018 Week 29 ending July 21, 2018","2018/29",17,Not Applicable,Not Applicable
,"Pennington County, SD","46103","2018 Week 30 ending July 28, 2018","2018/30",20,Not Applicable,Not Applicable
,"Pennington County, SD","46103","2018 Week 31 ending August 04, 2018","2018/31",17,Not Applicable,Not Applicable
,"Pennington County, SD","46103","2018 Week 32 ending August 11, 2018","2018/32",15,Not Applicable,Not Applicable
,"Pennington County, SD","46103","2018 Week 33 ending August 18, 2018","2018/33",21,Not Applicable,Not Applicable
,"Pennington County, SD","46103","2018 Week 34 ending August 25, 2018","2018/34",20,Not Applicable,Not Applicable
,"Pennington County, SD","46103","2018 Week 35 ending September 01, 2018","2018/35",27,Not Applicable,Not Applicable
,"Pennington County, SD","46103","2018 Week 36 ending September 08, 2018","2018/36",13,Not Applicable,Not Applicable
,"Pennington County, SD","46103","2018 Week 37 ending September 15, 2018","2018/37",22,Not Applicable,Not Applicable
,"Pennington County, SD","46103","2018 Week 38 ending September 22, 2018","2018/38",21,Not Applicable,Not Applicable
,"Pennington County, SD","46103","2018 Week 39 ending September 29, 2018","2018/39",19,Not Applicable,Not Applicable
,"Pennington County, SD","46103","2018 Week 40 ending October 06, 2018","2018/40",14,Not Applicable,Not Applicable
,"Pennington County, SD","46103","2018 Week 41 ending October 13, 2018","2018/41",23,Not Applicable,Not Applicable
,"Pennington County, SD","46103","2018 Week 42 ending October 20, 2018","2018/42",19,Not Applicable,Not Applicable
,"Pennington County, SD","46103","2018 Week 43 ending October 27, 2018","2018/43",13,Not Applicable,Not Applicable
,"Pennington County, SD","46103","2018 Week 44 ending November 03, 2018","2018/44",17,Not Applicable,Not Applicable
,"Pennington County, SD","46103","2018 Week 45 ending November 10, 2018","2018/45",23,Not Applicable,Not Applicable
,"Pennington County, SD","46103","2018 Week 46 ending November 17, 2018","2018/46",16,Not Applicable,Not Applicable
,"Pennington County, SD","46103","2018 Week 47 ending November 24, 2018","2018/47",20,Not Applicable,Not Applicable
,"Pennington County, SD","46103","2018 Week 48 ending December 01, 2018","2018/48",16,Not Applicable,Not Applicable
,"Pennington County, SD","46103","2018 Week 49 ending December 08, 2018","2018/49",14,Not Applicable,Not Applicable
,"Pennington County, SD","46103","2018 Week 50 ending December 15, 2018","2018/50",15,Not Applicable,Not Applicable
,"Pennington County, SD","46103","2018 Week 51 ending December 22, 2018","2018/51",23,Not Applicable,Not Applicable
,"Pennington County, SD","46103","2019 Week 01 ending January 05, 2019","2019/01",27,Not Applicable,Not Applicable
,"Pennington County, SD","46103","2019 Week 02 ending January 12, 2019","2019/02",24,Not Applicable,Not Applicable
,"Pennington County, SD","46103","2019 Week 03 ending January 19, 2019","2019/03",19,Not Applicable,Not Applicable
,"Pennington County, SD","46103","2019 Week 04 ending January 26, 2019","2019/04",21,Not Applicable,Not Applicable
,"Pennington County, SD","46103","2019 Week 05 ending February 02, 2019","2019/05",26,Not Applicable,Not Applicable
,"Pennington County, SD","46103","2019 Week 06 ending February 09, 2019","2019/06",21,Not Applicable,Not Applicable
,"Pennington County, SD","46103","2019 Week 07 ending February 16, 2019","2019/07",22,Not Applicable,Not Applicable
,"Pennington County, SD","46103","2019 Week 08 ending February 23, 2019","2019/08",20,Not Applicable,Not Applicable
,"Pennington County, SD","46103","2019 Week 09 ending March 02, 2019","2019/09",22,Not Applicable,Not Applicable
,"Pennington County, SD","46103","2019 Week 10 ending March 09, 2019","2019/10",30,Not Applicable,Not Applicable
,"Pennington County, SD","46103","2019 Week 11 ending March 16, 2019","2019/11",21,Not Applicable,Not Applicable
,"Pennington County, SD","46103","2019 Week 12 ending March 23, 2019","2019/12",15,Not Applicable,Not Applicable
,"Pennington County, SD","46103","2019 Week 13 ending March 30, 2019","2019/13",22,Not Applicable,Not Applicable
,"Pennington County, SD","46103","2019 Week 14 ending April 06, 2019","2019/14",21,Not Applicable,Not Applicable
,"Pennington County, SD","46103","2019 Week 15 ending April 13, 2019","2019/15",21,Not Applicable,Not Applicable
,"Pennington County, SD","46103","2019 Week 16 ending April 20, 2019","2019/16",20,Not Applicable,Not Applicable
,"Pennington County, SD","46103","2019 Week 17 ending April 27, 2019","2019/17",19,Not Applicable,Not Applicable
,"Pennington County, SD","46103","2019 Week 18 ending May 04, 2019","2019/18",19,Not Applicable,Not Applicable
,"Pennington County, SD","46103","2019 Week 19 ending May 11, 2019","2019/19",18,Not Applicable,Not Applicable
,"Pennington County, SD","46103","2019 Week 20 ending May 18, 2019","2019/20",13,Not Applicable,Not Applicable
,"Pennington County, SD","46103","2019 Week 21 ending May 25, 2019","2019/21",16,Not Applicable,Not Applicable
,"Pennington County, SD","46103","2019 Week 22 ending June 01, 2019","2019/22",19,Not Applicable,Not Applicable
,"Pennington County, SD","46103","2019 Week 23 ending June 08, 2019","2019/23",20,Not Applicable,Not Applicable
,"Pennington County, SD","46103","2019 Week 24 ending June 15, 2019","2019/24",21,Not Applicable,Not Applicable
,"Pennington County, SD","46103","2019 Week 25 ending June 22, 2019","2019/25",24,Not Applicable,Not Applicable
,"Pennington County, SD","46103","2019 Week 26 ending June 29, 2019","2019/26",18,Not Applicable,Not Applicable
,"Pennington County, SD","46103","2019 Week 27 ending July 06, 2019","2019/27",27,Not Applicable,Not Applicable
,"Pennington County, SD","46103","2019 Week 28 ending July 13, 2019","2019/28",13,Not Applicable,Not Applicable
,"Pennington County, SD","46103","2019 Week 29 ending July 20, 2019","2019/29",13,Not Applicable,Not Applicable
,"Pennington County, SD","46103","2019 Week 30 ending July 27, 2019","2019/30",21,Not Applicable,Not Applicable
,"Pennington County, SD","46103","2019 Week 31 ending August 03, 2019","2019/31",22,Not Applicable,Not Applicable
,"Pennington County, SD","46103","2019 Week 32 ending August 10, 2019","2019/32",26,Not Applicable,Not Applicable
,"Pennington County, SD","46103","2019 Week 33 ending August 17, 2019","2019/33",12,Not Applicable,Not Applicable
,"Pennington County, SD","46103","2019 Week 34 ending August 24, 2019","2019/34",24,Not Applicable,Not Applicable
,"Pennington County, SD","46103","2019 Week 35 ending August 31, 2019","2019/35",21,Not Applicable,Not Applicable
,"Pennington County, SD","46103","2019 Week 36 ending September 07, 2019","2019/36",24,Not Applicable,Not Applicable
,"Pennington County, SD","46103","2019 Week 37 ending September 14, 2019","2019/37",18,Not Applicable,Not Applicable
,"Pennington County, SD","46103","2019 Week 38 ending September 21, 2019","2019/38",26,Not Applicable,Not Applicable
,"Pennington County, SD","46103","2019 Week 39 ending September 28, 2019","2019/39",20,Not Applicable,Not Applicable
,"Pennington County, SD","46103","2019 Week 40 ending October 05, 2019","2019/40",25,Not Applicable,Not Applicable
,"Pennington County, SD","46103","2019 Week 41 ending October 12, 2019","2019/41",23,Not Applicable,Not Applicable
,"Pennington County, SD","46103","2019 Week 42 ending October 19, 2019","2019/42",16,Not Applicable,Not Applicable
,"Pennington County, SD","46103","2019 Week 43 ending October 26, 2019","2019/43",23,Not Applicable,Not Applicable
,"Pennington County, SD","46103","2019 Week 44 ending November 02, 2019","2019/44",19,Not Applicable,Not Applicable
,"Pennington County, SD","46103","2019 Week 45 ending November 09, 2019","2019/45",31,Not Applicable,Not Applicable
,"Pennington County, SD","46103","2019 Week 46 ending November 16, 2019","2019/46",20,Not Applicable,Not Applicable
,"Pennington County, SD","46103","2019 Week 47 ending November 23, 2019","2019/47",28,Not Applicable,Not Applicable
,"Pennington County, SD","46103","2019 Week 48 ending November 30, 2019","2019/48",16,Not Applicable,Not Applicable
,"Pennington County, SD","46103","2019 Week 49 ending December 07, 2019","2019/49",13,Not Applicable,Not Applicable
,"Pennington County, SD","46103","2019 Week 50 ending December 14, 2019","2019/50",20,Not Applicable,Not Applicable
,"Pennington County, SD","46103","2019 Week 51 ending December 21, 2019","2019/51",17,Not Applicable,Not Applicable
,"Pennington County, SD","46103","2019 Week 52 ending December 28, 2019","2019/52",20,Not Applicable,Not Applicable
,"Pennington County, SD","46103","2020 Week 01 ending January 04, 2020","2020/01",25,Not Applicable,Not Applicable
,"Pennington County, SD","46103","2020 Week 02 ending January 11, 2020","2020/02",16,Not Applicable,Not Applicable
,"Pennington County, SD","46103","2020 Week 03 ending January 18, 2020","2020/03",22,Not Applicable,Not Applicable
,"Pennington County, SD","46103","2020 Week 04 ending January 25, 2020","2020/04",24,Not Applicable,Not Applicable
,"Pennington County, SD","46103","2020 Week 05 ending February 01, 2020","2020/05",30,Not Applicable,Not Applicable
,"Pennington County, SD","46103","2020 Week 06 ending February 08, 2020","2020/06",22,Not Applicable,Not Applicable
,"Pennington County, SD","46103","2020 Week 07 ending February 15, 2020","2020/07",18,Not Applicable,Not Applicable
,"Pennington County, SD","46103","2020 Week 08 ending February 22, 2020","2020/08",17,Not Applicable,Not Applicable
,"Pennington County, SD","46103","2020 Week 09 ending February 29, 2020","2020/09",19,Not Applicable,Not Applicable
,"Pennington County, SD","46103","2020 Week 10 ending March 07, 2020","2020/10",18,Not Applicable,Not Applicable
,"Pennington County, SD","46103","2020 Week 11 ending March 14, 2020","2020/11",16,Not Applicable,Not Applicable
,"Pennington County, SD","46103","2020 Week 12 ending March 21, 2020","2020/12",27,Not Applicable,Not Applicable
,"Pennington County, SD","46103","2020 Week 13 ending March 28, 2020","2020/13",18,Not Applicable,Not Applicable
,"Pennington County, SD","46103","2020 Week 14 ending April 04, 2020","2020/14",25,Not Applicable,Not Applicable
,"Pennington County, SD","46103","2020 Week 15 ending April 11, 2020","2020/15",18,Not Applicable,Not Applicable
,"Pennington County, SD","46103","2020 Week 16 ending April 18, 2020","2020/16",22,Not Applicable,Not Applicable
,"Pennington County, SD","46103","2020 Week 17 ending April 25, 2020","2020/17",21,Not Applicable,Not Applicable
,"Pennington County, SD","46103","2020 Week 18 ending May 02, 2020","2020/18",14,Not Applicable,Not Applicable
,"Pennington County, SD","46103","2020 Week 19 ending May 09, 2020","2020/19",24,Not Applicable,Not Applicable
,"Pennington County, SD","46103","2020 Week 20 ending May 16, 2020","2020/20",18,Not Applicable,Not Applicable
,"Pennington County, SD","46103","2020 Week 21 ending May 23, 2020","2020/21",21,Not Applicable,Not Applicable
,"Pennington County, SD","46103","2020 Week 22 ending May 30, 2020","2020/22",18,Not Applicable,Not Applicable
,"Pennington County, SD","46103","2020 Week 23 ending June 06, 2020","2020/23",28,Not Applicable,Not Applicable
,"Pennington County, SD","46103","2020 Week 24 ending June 13, 2020","2020/24",15,Not Applicable,Not Applicable
,"Pennington County, SD","46103","2020 Week 25 ending June 20, 2020","2020/25",22,Not Applicable,Not Applicable
,"Pennington County, SD","46103","2020 Week 26 ending June 27, 2020","2020/26",20,Not Applicable,Not Applicable
,"Pennington County, SD","46103","2020 Week 27 ending July 04, 2020","2020/27",19,Not Applicable,Not Applicable
,"Pennington County, SD","46103","2020 Week 28 ending July 11, 2020","2020/28",28,Not Applicable,Not Applicable
,"Pennington County, SD","46103","2020 Week 29 ending July 18, 2020","2020/29",23,Not Applicable,Not Applicable
,"Pennington County, SD","46103","2020 Week 30 ending July 25, 2020","2020/30",22,Not Applicable,Not Applicable
,"Pennington County, SD","46103","2020 Week 31 ending August 01, 2020","2020/31",21,Not Applicable,Not Applicable
,"Pennington County, SD","46103","2020 Week 32 ending August 08, 2020","2020/32",25,Not Applicable,Not Applicable
,"Pennington County, SD","46103","2020 Week 33 ending August 15, 2020","2020/33",22,Not Applicable,Not Applicable
,"Pennington County, SD","46103","2020 Week 34 ending August 22, 2020","2020/34",16,Not Applicable,Not Applicable
,"Pennington County, SD","46103","2020 Week 35 ending August 29, 2020","2020/35",13,Not Applicable,Not Applicable
,"Pennington County, SD","46103","2020 Week 36 ending September 05, 2020","2020/36",24,Not Applicable,Not Applicable
,"Pennington County, SD","46103","2020 Week 37 ending September 12, 2020","2020/37",18,Not Applicable,Not Applicable
,"Pennington County, SD","46103","2020 Week 38 ending September 19, 2020","2020/38",14,Not Applicable,Not Applicable
,"Pennington County, SD","46103","2020 Week 39 ending September 26, 2020","2020/39",17,Not Applicable,Not Applicable
,"Pennington County, SD","46103","2020 Week 40 ending October 03, 2020","2020/40",24,Not Applicable,Not Applicable
,"Pennington County, SD","46103","2020 Week 41 ending October 10, 2020","2020/41",24,Not Applicable,Not Applicable
,"Pennington County, SD","46103","2020 Week 42 ending October 17, 2020","2020/42",24,Not Applicable,Not Applicable
,"Pennington County, SD","46103","2020 Week 43 ending October 24, 2020","2020/43",38,Not Applicable,Not Applicable
,"Pennington County, SD","46103","2020 Week 44 ending October 31, 2020","2020/44",23,Not Applicable,Not Applicable
,"Pennington County, SD","46103","2020 Week 45 ending November 07, 2020","2020/45",31,Not Applicable,Not Applicable
,"Pennington County, SD","46103","2020 Week 46 ending November 14, 2020","2020/46",21,Not Applicable,Not Applicable
,"Pennington County, SD","46103","2020 Week 47 ending November 21, 2020","2020/47",36,Not Applicable,Not Applicable
,"Pennington County, SD","46103","2020 Week 48 ending November 28, 2020","2020/48",28,Not Applicable,Not Applicable
,"Pennington County, SD","46103","2020 Week 49 ending December 05, 2020","2020/49",41,Not Applicable,Not Applicable
,"Pennington County, SD","46103","2020 Week 50 ending December 12, 2020","2020/50",34,Not Applicable,Not Applicable
,"Pennington County, SD","46103","2020 Week 51 ending December 19, 2020","2020/51",27,Not Applicable,Not Applicable
,"Pennington County, SD","46103","2020 Week 52 ending December 26, 2020","2020/52",27,Not Applicable,Not Applicable
,"Pennington County, SD","46103","2020 Week 53 ending January 02, 2021","2020/53",29,Not Applicable,Not Applicable
,"Pennington County, SD","46103","2021 Week 01 ending January 09, 2021","2021/01",34,Not Applicable,Not Applicable
,"Pennington County, SD","46103","2021 Week 02 ending January 16, 2021","2021/02",23,Not Applicable,Not Applicable
,"Pennington County, SD","46103","2021 Week 03 ending January 23, 2021","2021/03",24,Not Applicable,Not Applicable
,"Pennington County, SD","46103","2021 Week 04 ending January 30, 2021","2021/04",26,Not Applicable,Not Applicable
,"Pennington County, SD","46103","2021 Week 05 ending February 06, 2021","2021/05",27,Not Applicable,Not Applicable
,"Pennington County, SD","46103","2021 Week 06 ending February 13, 2021","2021/06",21,Not Applicable,Not Applicable
,"Pennington County, SD","46103","2021 Week 07 ending February 20, 2021","2021/07",22,Not Applicable,Not Applicable
,"Pennington County, SD","46103","2021 Week 08 ending February 27, 2021","2021/08",21,Not Applicable,Not Applicable
,"Pennington County, SD","46103","2021 Week 09 ending March 06, 2021","2021/09",23,Not Applicable,Not Applicable
,"Pennington County, SD","46103","2021 Week 10 ending March 13, 2021","2021/10",28,Not Applicable,Not Applicable
,"Pennington County, SD","46103","2021 Week 11 ending March 20, 2021","2021/11",20,Not Applicable,Not Applicable
,"Pennington County, SD","46103","2021 Week 12 ending March 27, 2021","2021/12",25,Not Applicable,Not Applicable
,"Pennington County, SD","46103","2021 Week 13 ending April 03, 2021","2021/13",15,Not Applicable,Not Applicable
,"Pennington County, SD","46103","2021 Week 14 ending April 10, 2021","2021/14",26,Not Applicable,Not Applicable
,"Pennington County, SD","46103","2021 Week 15 ending April 17, 2021","2021/15",25,Not Applicable,Not Applicable
,"Pennington County, SD","46103","2021 Week 16 ending April 24, 2021","2021/16",31,Not Applicable,Not Applicable
,"Pennington County, SD","46103","2021 Week 17 ending May 01, 2021","2021/17",21,Not Applicable,Not Applicable
,"Pennington County, SD","46103","2021 Week 18 ending May 08, 2021","2021/18",26,Not Applicable,Not Applicable
,"Pennington County, SD","46103","2021 Week 19 ending May 15, 2021","2021/19",27,Not Applicable,Not Applicable
,"Pennington County, SD","46103","2021 Week 20 ending May 22, 2021","2021/20",20,Not Applicable,Not Applicable
,"Pennington County, SD","46103","2021 Week 21 ending May 29, 2021","2021/21",22,Not Applicable,Not Applicable
,"Pennington County, SD","46103","2021 Week 22 ending June 05, 2021","2021/22",21,Not Applicable,Not Applicable
,"Pennington County, SD","46103","2021 Week 23 ending June 12, 2021","2021/23",24,Not Applicable,Not Applicable
,"Pennington County, SD","46103","2021 Week 24 ending June 19, 2021","2021/24",18,Not Applicable,Not Applicable
,"Pennington County, SD","46103","2021 Week 25 ending June 26, 2021","2021/25",22,Not Applicable,Not Applicable
,"Pennington County, SD","46103","2021 Week 26 ending July 03, 2021","2021/26",25,Not Applicable,Not Applicable
,"Pennington County, SD","46103","2021 Week 27 ending July 10, 2021","2021/27",23,Not Applicable,Not Applicable
,"Pennington County, SD","46103","2021 Week 28 ending July 17, 2021","2021/28",15,Not Applicable,Not Applicable
,"Pennington County, SD","46103","2021 Week 29 ending July 24, 2021","2021/29",13,Not Applicable,Not Applicable
,"Pennington County, SD","46103","2021 Week 30 ending July 31, 2021","2021/30",19,Not Applicable,Not Applicable
,"Pennington County, SD","46103","2021 Week 31 ending August 07, 2021","2021/31",15,Not Applicable,Not Applicable
,"Pennington County, SD","46103","2021 Week 32 ending August 14, 2021","2021/32",22,Not Applicable,Not Applicable
,"Pennington County, SD","46103","2021 Week 33 ending August 21, 2021","2021/33",17,Not Applicable,Not Applicable
,"Pennington County, SD","46103","2021 Week 34 ending August 28, 2021","2021/34",27,Not Applicable,Not Applicable
,"Pennington County, SD","46103","2021 Week 35 ending September 04, 2021","2021/35",29,Not Applicable,Not Applicable
,"Pennington County, SD","46103","2021 Week 36 ending September 11, 2021","2021/36",36,Not Applicable,Not Applicable
,"Pennington County, SD","46103","2021 Week 37 ending September 18, 2021","2021/37",32,Not Applicable,Not Applicable
,"Pennington County, SD","46103","2021 Week 38 ending September 25, 2021","2021/38",32,Not Applicable,Not Applicable
,"Pennington County, SD","46103","2021 Week 39 ending October 02, 2021","2021/39",27,Not Applicable,Not Applicable
,"Pennington County, SD","46103","2021 Week 40 ending October 09, 2021","2021/40",23,Not Applicable,Not Applicable
,"Pennington County, SD","46103","2021 Week 41 ending October 16, 2021","2021/41",23,Not Applicable,Not Applicable
,"Pennington County, SD","46103","2021 Week 42 ending October 23, 2021","2021/42",34,Not Applicable,Not Applicable
,"Pennington County, SD","46103","2021 Week 43 ending October 30, 2021","2021/43",16,Not Applicable,Not Applicable
,"Pennington County, SD","46103","2021 Week 44 ending November 06, 2021","2021/44",27,Not Applicable,Not Applicable
,"Pennington County, SD","46103","2021 Week 45 ending November 13, 2021","2021/45",27,Not Applicable,Not Applicable
,"Pennington County, SD","46103","2021 Week 46 ending November 20, 2021","2021/46",26,Not Applicable,Not Applicable
,"Pennington County, SD","46103","2021 Week 47 ending November 27, 2021","2021/47",31,Not Applicable,Not Applicable
,"Pennington County, SD","46103","2021 Week 48 ending December 04, 2021","2021/48",24,Not Applicable,Not Applicable
,"Pennington County, SD","46103","2021 Week 49 ending December 11, 2021","2021/49",29,Not Applicable,Not Applicable
,"Pennington County, SD","46103","2021 Week 50 ending December 18, 2021","2021/50",13,Not Applicable,Not Applicable
,"Pennington County, SD","46103","2021 Week 51 ending December 25, 2021","2021/51",23,Not Applicable,Not Applicable
,"Pennington County, SD","46103","2021 Week 52 ending January 01, 2022","2021/52",31,Not Applicable,Not Applicable
,"Pennington County, SD","46103","2022 Week 01 ending January 08, 2022 (provisional)","2022/01",34,Not Applicable,Not Applicable
,"Pennington County, SD","46103","2022 Week 02 ending January 15, 2022 (provisional)","2022/02",28,Not Applicable,Not Applicable
,"Pennington County, SD","46103","2022 Week 03 ending January 22, 2022 (provisional)","2022/03",31,Not Applicable,Not Applicable
,"Pennington County, SD","46103","2022 Week 04 ending January 29, 2022 (provisional)","2022/04",37,Not Applicable,Not Applicable
,"Pennington County, SD","46103","2022 Week 05 ending February 05, 2022 (provisional)","2022/05",24,Not Applicable,Not Applicable
,"Pennington County, SD","46103","2022 Week 06 ending February 12, 2022 (provisional)","2022/06",26,Not Applicable,Not Applicable
,"Pennington County, SD","46103","2022 Week 07 ending February 19, 2022 (provisional)","2022/07",25,Not Applicable,Not Applicable
,"Pennington County, SD","46103","2022 Week 08 ending February 26, 2022 (provisional)","2022/08",21,Not Applicable,Not Applicable
,"Pennington County, SD","46103","2022 Week 09 ending March 05, 2022 (provisional)","2022/09",19,Not Applicable,Not Applicable
,"Pennington County, SD","46103","2022 Week 10 ending March 12, 2022 (provisional)","2022/10",18,Not Applicable,Not Applicable
,"Pennington County, SD","46103","2022 Week 11 ending March 19, 2022 (provisional)","2022/11",17,Not Applicable,Not Applicable
,"Pennington County, SD","46103","2022 Week 12 ending March 26, 2022 (provisional)","2022/12",19,Not Applicable,Not Applicable
,"Pennington County, SD","46103","2022 Week 13 ending April 02, 2022 (provisional)","2022/13",21,Not Applicable,Not Applicable
,"Pennington County, SD","46103","2022 Week 14 ending April 09, 2022 (provisional)","2022/14",18,Not Applicable,Not Applicable
,"Pennington County, SD","46103","2022 Week 15 ending April 16, 2022 (provisional)","2022/15",21,Not Applicable,Not Applicable
,"Pennington County, SD","46103","2022 Week 16 ending April 23, 2022 (provisional)","2022/16",17,Not Applicable,Not Applicable
,"Pennington County, SD","46103","2022 Week 17 ending April 30, 2022 (provisional)","2022/17",26,Not Applicable,Not Applicable
,"Pennington County, SD","46103","2022 Week 18 ending May 07, 2022 (provisional)","2022/18",24,Not Applicable,Not Applicable
,"Pennington County, SD","46103","2022 Week 19 ending May 14, 2022 (provisional)","2022/19",26,Not Applicable,Not Applicable
,"Pennington County, SD","46103","2022 Week 20 ending May 21, 2022 (provisional)","2022/20",16,Not Applicable,Not Applicable
,"Pennington County, SD","46103","2022 Week 21 ending May 28, 2022 (provisional)","2022/21",15,Not Applicable,Not Applicable
,"Pennington County, SD","46103","2022 Week 22 ending June 04, 2022 (provisional)","2022/22",16,Not Applicable,Not Applicable
,"Pennington County, SD","46103","2022 Week 23 ending June 11, 2022 (provisional)","2022/23",16,Not Applicable,Not Applicable
,"Pennington County, SD","46103","2022 Week 24 ending June 18, 2022 (provisional)","2022/24",27,Not Applicable,Not Applicable
,"Pennington County, SD","46103","2022 Week 25 ending June 25, 2022 (provisional)","2022/25",18,Not Applicable,Not Applicable
,"Pennington County, SD","46103","2022 Week 26 ending July 02, 2022 (provisional)","2022/26",22,Not Applicable,Not Applicable
,"Pennington County, SD","46103","2022 Week 27 ending July 09, 2022 (provisional)","2022/27",30,Not Applicable,Not Applicable
,"Pennington County, SD","46103","2022 Week 28 ending July 16, 2022 (provisional)","2022/28",22,Not Applicable,Not Applicable
,"Pennington County, SD","46103","2022 Week 29 ending July 23, 2022 (provisional)","2022/29",16,Not Applicable,Not Applicable
,"Pennington County, SD","46103","2022 Week 30 ending July 30, 2022 (provisional)","2022/30",19,Not Applicable,Not Applicable
,"Pennington County, SD","46103","2022 Week 31 ending August 06, 2022 (provisional)","2022/31",16,Not Applicable,Not Applicable
,"Pennington County, SD","46103","2022 Week 32 ending August 13, 2022 (provisional)","2022/32",19,Not Applicable,Not Applicable
,"Pennington County, SD","46103","2022 Week 33 ending August 20, 2022 (provisional)","2022/33",22,Not Applicable,Not Applicable
,"Pennington County, SD","46103","2022 Week 34 ending August 27, 2022 (provisional)","2022/34",19,Not Applicable,Not Applicable
,"Pennington County, SD","46103","2022 Week 35 ending September 03, 2022 (provisional)","2022/35",20,Not Applicable,Not Applicable
,"Pennington County, SD","46103","2022 Week 36 ending September 10, 2022 (provisional)","2022/36",23,Not Applicable,Not Applicable
,"Pennington County, SD","46103","2022 Week 37 ending September 17, 2022 (provisional)","2022/37",23,Not Applicable,Not Applicable
,"Pennington County, SD","46103","2022 Week 38 ending September 24, 2022 (provisional)","2022/38",23,Not Applicable,Not Applicable
,"Pennington County, SD","46103","2022 Week 39 ending October 01, 2022 (provisional)","2022/39",17,Not Applicable,Not Applicable
,"Pennington County, SD","46103","2022 Week 40 ending October 08, 2022 (provisional)","2022/40",16,Not Applicable,Not Applicable
,"Pennington County, SD","46103","2022 Week 41 ending October 15, 2022 (provisional)","2022/41",24,Not Applicable,Not Applicable
,"Pennington County, SD","46103","2022 Week 42 ending October 22, 2022 (provisional)","2022/42",25,Not Applicable,Not Applicable
,"Pennington County, SD","46103","2022 Week 43 ending October 29, 2022 (provisional)","2022/43",21,Not Applicable,Not Applicable
,"Pennington County, SD","46103","2022 Week 44 ending November 05, 2022 (provisional)","2022/44",16,Not Applicable,Not Applicable
,"Pennington County, SD","46103","2022 Week 45 ending November 12, 2022 (provisional)","2022/45",21,Not Applicable,Not Applicable
,"Pennington County, SD","46103","2022 Week 46 ending November 19, 2022 (provisional)","2022/46",23,Not Applicable,Not Applicable
,"Pennington County, SD","46103","2022 Week 47 ending November 26, 2022 (provisional)","2022/47",28,Not Applicable,Not Applicable
,"Pennington County, SD","46103","2022 Week 48 ending December 03, 2022 (provisional)","2022/48",20,Not Applicable,Not Applicable
,"Pennington County, SD","46103","2022 Week 49 ending December 10, 2022 (provisional)","2022/49",25,Not Applicable,Not Applicable
,"Pennington County, SD","46103","2022 Week 50 ending December 17, 2022 (provisional)","2022/50",21,Not Applicable,Not Applicable
,"Pennington County, SD","46103","2022 Week 51 ending December 24, 2022 (provisional)","2022/51",29,Not Applicable,Not Applicable
,"Pennington County, SD","46103","2022 Week 52 ending December 31, 2022 (provisional)","2022/52",24,Not Applicable,Not Applicable
,"Pennington County, SD","46103","2023 Week 01 ending January 07, 2023 (provisional)","2023/01",23,Not Applicable,Not Applicable
,"Pennington County, SD","46103","2023 Week 02 ending January 14, 2023 (provisional)","2023/02",24,Not Applicable,Not Applicable
,"Pennington County, SD","46103","2023 Week 03 ending January 21, 2023 (provisional)","2023/03",19,Not Applicable,Not Applicable
,"Pennington County, SD","46103","2023 Week 04 ending January 28, 2023 (provisional)","2023/04",25,Not Applicable,Not Applicable
,"Pennington County, SD","46103","2023 Week 05 ending February 04, 2023 (provisional)","2023/05",19,Not Applicable,Not Applicable
,"Pennington County, SD","46103","2023 Week 06 ending February 11, 2023 (provisional)","2023/06",22,Not Applicable,Not Applicable
,"Pennington County, SD","46103","2023 Week 07 ending February 18, 2023 (provisional)","2023/07",21,Not Applicable,Not Applicable
,"Pennington County, SD","46103","2023 Week 08 ending February 25, 2023 (provisional)","2023/08",15,Not Applicable,Not Applicable
,"Pennington County, SD","46103","2023 Week 09 ending March 04, 2023 (provisional)","2023/09",15,Not Applicable,Not Applicable
,"Pennington County, SD","46103","2023 Week 10 ending March 11, 2023 (provisional)","2023/10",28,Not Applicable,Not Applicable
,"Pennington County, SD","46103","2023 Week 11 ending March 18, 2023 (provisional)","2023/11",23,Not Applicable,Not Applicable
,"Pennington County, SD","46103","2023 Week 12 ending March 25, 2023 (provisional)","2023/12",20,Not Applicable,Not Applicable
,"Pennington County, SD","46103","2023 Week 13 ending April 01, 2023 (provisional)","2023/13",22,Not Applicable,Not Applicable
,"Pennington County, SD","46103","2023 Week 14 ending April 08, 2023 (provisional)","2023/14",24,Not Applicable,Not Applicable
,"Pennington County, SD","46103","2023 Week 15 ending April 15, 2023 (provisional)","2023/15",26,Not Applicable,Not Applicable
,"Pennington County, SD","46103","2023 Week 16 ending April 22, 2023 (provisional)","2023/16",22,Not Applicable,Not Applicable
,"Pennington County, SD","46103","2023 Week 17 ending April 29, 2023 (provisional)","2023/17",22,Not Applicable,Not Applicable
,"Pennington County, SD","46103","2023 Week 18 ending May 06, 2023 (provisional)","2023/18",15,Not Applicable,Not Applicable
,"Pennington County, SD","46103","2023 Week 19 ending May 13, 2023 (provisional)","2023/19",18,Not Applicable,Not Applicable
,"Pennington County, SD","46103","2023 Week 20 ending May 20, 2023 (provisional)","2023/20",17,Not Applicable,Not Applicable
,"Pennington County, SD","46103","2023 Week 21 ending May 27, 2023 (provisional)","2023/21",11,Not Applicable,Not Applicable
,"Pennington County, SD","46103","2023 Week 22 ending June 03, 2023 (provisional)","2023/22",24,Not Applicable,Not Applicable
,"Pennington County, SD","46103","2023 Week 23 ending June 10, 2023 (provisional)","2023/23",18,Not Applicable,Not Applicable
"Total","Pennington County, SD","46103",,,6098,Not Applicable,Not Applicable
"Total","Perkins County, SD","46105",,,228,Not Applicable,Not Applicable
"Total","Potter County, SD","46107",,,186,Not Applicable,Not Applicable
"Total","Roberts County, SD","46109",,,686,Not Applicable,Not Applicable
"Total","Sanborn County, SD","46111",,,160,Not Applicable,Not Applicable
,"Shannon County, SD","46113","2020 Week 43 ending October 24, 2020","2020/43",10,Not Applicable,Not Applicable
,"Shannon County, SD","46113","2020 Week 45 ending November 07, 2020","2020/45",12,Not Applicable,Not Applicable
,"Shannon County, SD","46113","2020 Week 46 ending November 14, 2020","2020/46",12,Not Applicable,Not Applicable
,"Shannon County, SD","46113","2022 Week 04 ending January 29, 2022 (provisional)","2022/04",10,Not Applicable,Not Applicable
"Total","Shannon County, SD","46113",,,983,Not Applicable,Not Applicable
"Total","Spink County, SD","46115",,,443,Not Applicable,Not Applicable
"Total","Stanley County, SD","46117",,,140,Not Applicable,Not Applicable
"Total","Sully County, SD","46119",,,71,Not Applicable,Not Applicable
"Total","Todd County, SD","46121",,,524,Not Applicable,Not Applicable
"Total","Tripp County, SD","46123",,,499,Not Applicable,Not Applicable
,"Turner County, SD","46125","2020 Week 43 ending October 24, 2020","2020/43",10,Not Applicable,Not Applicable
,"Turner County, SD","46125","2020 Week 44 ending October 31, 2020","2020/44",10,Not Applicable,Not Applicable
,"Turner County, SD","46125","2022 Week 26 ending July 02, 2022 (provisional)","2022/26",12,Not Applicable,Not Applicable
,"Turner County, SD","46125","2022 Week 27 ending July 09, 2022 (provisional)","2022/27",10,Not Applicable,Not Applicable
,"Turner County, SD","46125","2022 Week 28 ending July 16, 2022 (provisional)","2022/28",16,Not Applicable,Not Applicable
,"Turner County, SD","46125","2022 Week 30 ending July 30, 2022 (provisional)","2022/30",10,Not Applicable,Not Applicable
,"Turner County, SD","46125","2022 Week 36 ending September 10, 2022 (provisional)","2022/36",10,Not Applicable,Not Applicable
,"Turner County, SD","46125","2022 Week 39 ending October 01, 2022 (provisional)","2022/39",14,Not Applicable,Not Applicable
,"Turner County, SD","46125","2022 Week 40 ending October 08, 2022 (provisional)","2022/40",11,Not Applicable,Not Applicable
,"Turner County, SD","46125","2022 Week 45 ending November 12, 2022 (provisional)","2022/45",10,Not Applicable,Not Applicable
,"Turner County, SD","46125","2022 Week 46 ending November 19, 2022 (provisional)","2022/46",10,Not Applicable,Not Applicable
,"Turner County, SD","46125","2022 Week 47 ending November 26, 2022 (provisional)","2022/47",12,Not Applicable,Not Applicable
,"Turner County, SD","46125","2022 Week 48 ending December 03, 2022 (provisional)","2022/48",13,Not Applicable,Not Applicable
,"Turner County, SD","46125","2022 Week 50 ending December 17, 2022 (provisional)","2022/50",13,Not Applicable,Not Applicable
,"Turner County, SD","46125","2023 Week 01 ending January 07, 2023 (provisional)","2023/01",11,Not Applicable,Not Applicable
"Total","Turner County, SD","46125",,,852,Not Applicable,Not Applicable
"Total","Union County, SD","46127",,,777,Not Applicable,Not Applicable
"Total","Walworth County, SD","46129",,,402,Not Applicable,Not Applicable
,"Yankton County, SD","46135","2018 Week 06 ending February 10, 2018","2018/06",10,Not Applicable,Not Applicable
,"Yankton County, SD","46135","2018 Week 10 ending March 10, 2018","2018/10",10,Not Applicable,Not Applicable
,"Yankton County, SD","46135","2018 Week 20 ending May 19, 2018","2018/20",10,Not Applicable,Not Applicable
,"Yankton County, SD","46135","2018 Week 23 ending June 09, 2018","2018/23",10,Not Applicable,Not Applicable
,"Yankton County, SD","46135","2019 Week 04 ending January 26, 2019","2019/04",10,Not Applicable,Not Applicable
,"Yankton County, SD","46135","2019 Week 07 ending February 16, 2019","2019/07",10,Not Applicable,Not Applicable
,"Yankton County, SD","46135","2020 Week 38 ending September 19, 2020","2020/38",10,Not Applicable,Not Applicable
,"Yankton County, SD","46135","2020 Week 49 ending December 05, 2020","2020/49",12,Not Applicable,Not Applicable
,"Yankton County, SD","46135","2021 Week 38 ending September 25, 2021","2021/38",11,Not Applicable,Not Applicable
,"Yankton County, SD","46135","2021 Week 41 ending October 16, 2021","2021/41",10,Not Applicable,Not Applicable
,"Yankton County, SD","46135","2022 Week 01 ending January 08, 2022 (provisional)","2022/01",11,Not Applicable,Not Applicable
,"Yankton County, SD","46135","2022 Week 05 ending February 05, 2022 (provisional)","2022/05",10,Not Applicable,Not Applicable
,"Yankton County, SD","46135","2022 Week 43 ending October 29, 2022 (provisional)","2022/43",11,Not Applicable,Not Applicable
"Total","Yankton County, SD","46135",,,1410,Not Applicable,Not Applicable
"Total","Ziebach County, SD","46137",,,190,Not Applicable,Not Applicable
"Total",,,,,48069,Not Applicable,Not Applicable
"---"
"Dataset: Provisional Mortality Statistics, 2018 through Last Month"
"Query Parameters:"
"Residence States: South Dakota (46)"
"Group By: Residence County; MMWR Week"
"Show Totals: True"
"Show Zero Values: False"
"Show Suppressed: False"
"Calculate Rates Per: 100,000"
"Rate Options: Default intercensal populations for years 2001-2009 (except Infant Age Groups)"
"---"
"Help: See http://wonder.cdc.gov/wonder/help/mcd-provisional.html for more information."
"---"
"Query Date: Jul 26, 2023 5:50:10 PM"
"---"
"Suggested Citation: Centers for Disease Control and Prevention, National Center for Health Statistics. National Vital Statistics"
"System, Provisional Mortality on CDC WONDER Online Database. Data are from the final Multiple Cause of Death Files, 2018-2021,"
"and from provisional data for years 2022-2023, as compiled from data provided by the 57 vital statistics jurisdictions through"
"the Vital Statistics Cooperative Program. Accessed at http://wonder.cdc.gov/mcd-icd10-provisional.html on Jul 26, 2023 5:50:10"
"PM"
"---"
Messages:
"1. Rows with zero Deaths are hidden, but the Population values in those rows are included in the totals. Use Quick Options above"
"to show zero rows."
"2. Rows with suppressed Deaths are hidden, but the Deaths and Population values in those rows are included in the totals. Use"
"Quick Options above to show suppressed rows."
"---"
Caveats:
"1. Population and rates are labeled 'Not Applicable' when location of Death's Occurrence, Autopsy, Place of Death, Weekday or"
"Month are grouped by or limited, due to lack of a valid population. More information:"
"http://wonder.cdc.gov/wonder/help/mcd-provisional.html#NotApplicableRates."
"2. Data are Suppressed when the data meet the criteria for confidentiality constraints. More information:"
"http://wonder.cdc.gov/wonder/help/mcd-provisional.html#Assurance of Confidentiality."
"3. Death rates are flagged as Unreliable when the rate is calculated with a numerator of 20 or less. More information:"
"http://wonder.cdc.gov/wonder/help/mcd-provisional.html#Unreliable."
"4. Deaths occurring through June 17, 2023 as of July 02, 2023."